Website,Alexa Rank,Company name,Street,City,State,Zip,Country,Phone number,Company email,Employees,Revenue,Industry
1300rubbish.com.au,1673227,1300Rubbish,GPO Box 2823,Sydney,NSW,2001,Australia,+61 1300 782 247,,25 - 100,$1 - 10M,Consumer Services
1300smiles.com.au,2544975,1300SMILES Ltd,105 Denham Street,Townsville,QLD,4810,Australia,+61 1300 764 537,djanz@1300smiles.com.au,100 - 250,$10 - 50M,"Health, Wellness and Fitness"
3mbs.org.au,3266880,3MBS-FM,"1 St Heliers Street, Abbotsford",Melbourne,VIC,3067,Australia,+61 3 9416 1035,,25 - 100,$1 - 10M,Broadcast Media
4cabling.com.au,311081,4Cabling Australia,Unit 17 / 31 Maddox Street,Alexandria,NSW,2015,Australia,+61 2 9565 4077,accounts@4cabling.com.au,25 - 100,$1 - 10M,Computer Networking
4wdaction.com.au,175208,4WD Action,,Cape York,QLD,4874,Australia,+61 2 9741 3800,,100 - 250,$10 - 50M,"Leisure, Travel & Tourism"
4zzzfm.org.au,1238969,4ZZZ,264 Barry Parade Fortitude Valley,Brisbane,QLD,4006,Australia,+61 7 3252 1555,,100 - 250,$10 - 50M,Broadcast Media
99bikes.com.au,178129,99 Bikes,3 Light St,Fortitude Valley,QLD,4006,Australia,+61 7 3720 9899,,250 - 1000,$1 - 10M,Retail
a-bridal-affair.com.au,8339231,Bridal Affair International Pty Ltd,,,,,Australia,+61 8 9221 8083,,0 - 25,$1 - 10M,Retail
abacused.com.au,3174527,Abacus Educational Supplies,,,,,Australia,+61 8 9445 7133,,100 - 250,$10 - 50M,Wholesale
abccranehire.com.au,8002134,ABC Crane Hire Pty Ltd.,28 Reserve Drive,Mandurah,WA,6210,Australia,+61 8 9524 5502,,25 - 100,$1 - 10M,Machinery
abcmusicgroup.com.au,16777215,ABC MUSIC,289 Bridge Road,Richmond,VIC,3121,Australia,+61 3 9427 8049,,25 - 100,$1 - 10M,Education Management
ableproducts.com.au,16777215,ABLE Commercial Kitchen Equipment Specialists,8 Guthrie Street,Osborne Park,WA,6017,Australia,+61 402 346 000,,25 - 100,$1 - 10M,Wholesale
abss.net.au,5114638,ABSS Pty Ltd,18 Beckett Avenue,Keilor East,Victoria,3033,Australia,+61 3 9336 1961,,25 - 100,$1 - 10M,Machinery
accesscomms.com.au,1964681,Access Communications Pty Ltd,35 Alleyne Street,Chatswood,New South Wales,2067,Australia,+61 2 9414 8888,,0 - 25,$10 - 50M,Semiconductors
accessoffice.com.au,12227217,Global (WA) Pty Ltd T/a Access Office Industries,10 Liddelow street,Kenwick,WA,6107,Australia,+61 8 9493 3776,,25 - 100,$1 - 10M,Wholesale
accf.org.au,2166816,Australian Cervical Cancer Foundation (ACCF),"Level 4, 269 Wickham Street",Brisbane,Queensland,4006,Australia,+61 1300 727 630,,25 - 100,$1 - 10M,"Health, Wellness and Fitness"
accountantsaustralia.com.au,8555098,Accountants Australia Pty Ltd,,,,,Australia,+61 8 9256 3088,,25 - 100,$1 - 10M,Accounting
accountingnorth.com.au,3790315,Accounting North,Level 1 59 The Esplanade,Maroochydore,Queensland,4558,Australia,+61 7 5443 4988,,25 - 100,$1 - 10M,Accounting
acmeimpex.com.au,9014222,Acme Impex,,,WA,,Australia,+61 450 146 590,,25 - 100,$1 - 10M,Transportation/Trucking/Railroad
adelaideconvention.com.au,8276665,Adelaide Convention Bureau,"Level 1, 15 Leigh Street",Adelaide,SA,5000,Australia,+61 8 8273 0100,,25 - 100,$1 - 10M,Events Services
adelaiderc.com.au,14244693,Adelaide RC,14 Tapley St,Adelaide,SA,5000,Australia,+61 8 8231 0707,sales@adelaiderc.com.au,25 - 100,$1 - 10M,Local Business
adt.org.au,3962926,Australian Dance Theatre,126 Belair Road,Hawthorn,South Australia,5062,Australia,+61 8 8373 7733,,25 - 100,$1 - 10M,Performing Arts
advancednetting.com.au,13150888,Advanced Netting Pty Ltd,,,,,Australia,+61 8 9386 5879,,25 - 100,$1 - 10M,Textiles
advancedpumps.com.au,12916135,Advanced Pump Technologies,72 May Holman Drive,Bassendean,WA,6054,Australia,+61 8 9451 3800,,25 - 100,$10 - 50M,Wholesale
advanswa.com.au,15698264,Advans Exhibition Services,,,,,Australia,+61 8 9451 8322,,25 - 100,$1 - 10M,
adventurequeensland.com.au,12906330,Adventure Queensland,,,,,Australia,+61 7 5446 2068,,100 - 250,$10 - 50M,"Leisure, Travel & Tourism"
adviceevolution.com.au,15438003,Advice Evolution,302/20 Bungan St,Mona Vale,NSW,2103,Australia,+61 415 254 614,,25 - 100,$1 - 10M,Financial Services
adyo.com.au,4991103,Adelaide Youth Orchestras,91 Hindley Street,Adelaide,SA,5000,Australia,+61 8 8233 6256,,25 - 100,$1 - 10M,Music
aemgroup.net.au,4053801,AEM Consolidated Pty Ltd,571 Grand Junction Road,Gepps Cross,SA,5094,Australia,+61 8 8162 5957,,25 - 100,$1 - 10M,Consumer Services
airbornesuspension.com.au,16777215,Airborne Suspension,,,,,Australia,+61 8 9303 2800,,100 - 250,$10 - 50M,Wholesale
airtoolswa.com.au,4871704,Air Tools W. A. Pty Ltd,,,WA,,Australia,+61 8 9459 3184,,100 - 250,$10 - 50M,Wholesale
aisat.com.au,16777215,Aisat Instruments Pty. Ltd.,84-88 Welshpool Road,Welshpool,Western Australia,6106,Australia,+61 8 9350 5545,,0 - 25,$1 - 10M,Food Production
aliveorganics.com.au,14107471,Alive Organics,,,WA,,Australia,+61 8 9371 9908,,0 - 25,$1 - 10M,Retail
alllifting.com.au,2652013,All Lifting,1/1 Melissa place,Blacktown,NSW,2148,Australia,+61 1300 666 733,,25 - 100,$1 - 10M,Construction
amazonsoils.com.au,16777215,Amazon Soils & Landscaping Supplies,,,WA,,Australia,+61 8 9302 1288,,100 - 250,$10 - 50M,Construction
anchorsafe.com.au,4579234,Anchor Safe Systems,289 Townsend Street,Albury,NSW,2640,Australia,+61 2 6021 7630,,25 - 100,$1 - 10M,Business Supplies and Equipment
andatech.com.au,1533514,Andatech,9 Trade Place,Vermont,VIC,3133,Australia,+61 3 8877 0700,,25 - 100,$1 - 10M,Electrical/Electronic Manufacturing
anllighting.com.au,724286,ANL Lighting,5/97 Lewis Rd,Wantirna South,VIC,3152,Australia,+61 1300 300 301,,100 - 250,$10 - 50M,Electrical/Electronic Manufacturing
anyware.com.au,445967,Anyware Corporation,42 Henderson Rd,Rowville,VIC,3178,Australia,+61 3 9763 8200,,100 - 250,$10 - 50M,Computer Hardware
apesprings.com.au,12893149,APE Springs,,,,,Australia,+61 8 9302 6648,,100 - 250,$10 - 50M,Wholesale
apimagazine.com.au,626809,Australian Commercial Publishing Pty Ltd,9 Sherwood Rd,Toowong,QLD,4066,Australia,+61 7 3720 9422,,25 - 100,$1 - 10M,Publishing
aquariumindustries.com.au,1508314,Aquarium Industries,16-26 Shirley Way,Epping,Vic,3076,Australia,+61 3 9409 9300,,100 - 250,$1 - 10M,Wholesale
aquila.com.au,793097,AQUILA ®,,,,,Australia,+61 3 8412 9800,,100 - 250,$10 - 50M,Retail
arenastone.com.au,16777215,Arena Stone,,,,,Australia,+61 8 9418 1300,,100 - 250,$10 - 50M,Construction
armanti.com.au,16777215,Armanti Tiles & Bathroom,,,,,Australia,+61 8 9791 3600,,100 - 250,$10 - 50M,Construction
artpaintking.com.au,8157848,Art Paint King,Level 1 275 Alfred Street,North Sydney,NSW,2060,Australia,+61 1300 792 980,,25 - 100,$1 - 10M,Arts and Crafts
ashleygroup.com.au,14504233,Ashley Group,32 Stebbing Road Maddington,"Perth, Australia",Western Australia,6109,Australia,+61 8 9249 1234,,25 - 100,$1 - 10M,Automotive
asianbeercafe.com.au,3522138,Asian Beer Cafe,211 La Trobe Street,Melbourne,VIC,3000,Australia,+61 3 9079 2120,,25 - 100,$1 - 10M,Hospitality
assessor.com.au,7057605,Plant Assessor,8 Firebrick Drive,Thornton,NSW,2322,Australia,+61 1300 728 852,,25 - 100,$1 - 10M,Machinery
asset.edu.au,2531360,Asset Training Australia,Suite 3 Westfield Shopping Centre North Lakes Drive,North Lakes,QLD,4509,Australia,+61 1300 731 602,,25 - 100,$1 - 10M,Education Management
asu.asn.au,2159867,Australian Services Union (ASU),116 Queensberry St,Carlton South,VIC,3053,Australia,+61 3 9342 1400,,100 - 250,$10 - 50M,Political Organization
aurora.edu.au,7594455,Aurora Training Institute,2 Classic Way,Burleigh Waters,QLD,4220,Australia,+61 1300 936 864,,25 - 100,$1 - 10M,Professional Training & Coaching
aurorastone.com.au,16777215,Aurora Stone,,,,,Australia,+61 8 9258 8800,,100 - 250,$10 - 50M,Wholesale
ausdiving.com.au,16777215,Australasian Diving Academy,,,WA,,Australia,+61 8 9389 5018,,25 - 100,$1 - 10M,"Leisure, Travel & Tourism"
ausnougat.com.au,16777215,Australian Nougat Company,4 Tallgum Ave,Eumundi,QLD,4562,Australia,+61 7 5442 7617,,25 - 100,$1 - 10M,Food Production
australiangalleries.com.au,3197937,Australian Galleries,35 Derby Street,Collingwood,VIC,3066,Australia,+61 3 9417 4303,accounts@australiangalleries.com.au,25 - 100,$1 - 10M,Fine Art
australiansportsnutrition.com.au,434558,Australian Sports Nutrition,100 Scarborough Street,Southport,Queensland,2315,Australia,+61 2 4962 4550,seo@asn.com.au,0 - 25,$1 - 10M,"Health, Wellness and Fitness"
australiawidefirstaid.com.au,811535,Australia Wide First Aid,152 Brisbane Street,Ipswich,QLD,4305,Australia,+61 1300 336 613,,100 - 250,$1 - 10M,"Health, Wellness and Fitness"
autobarn.com.au,108627,Autobarn,,Nunawading,VIC,3131,Australia,+61 3 8878 1111,,0 - 25,$1 - 10M,Consumer Goods
autoone.com.au,832021,Auto One Australia Ltd,U1 / 40 Carrington Road,Castle Hill,NSW,2154,Australia,+61 8 9721 8799,,100 - 250,$1 - 10M,Automotive
autotransformers.com.au,16777215,AutoTransformers,1/355 Martins Rd,Parafield Gardens,SA,5125,Australia,+61 8 8281 6770,,25 - 100,$1 - 10M,Automotive
avbn.com.au,11523793,Australian Virtual Business Network,1 Lambourn Rd,Melbourne,VIC,3087,Australia,+61 3 9432 6408,,25 - 100,$1 - 10M,Executive Office
avonvalleybeef.com.au,12522190,P.R. Hepple & Sons T/A Avon Valley Beef,,,,,Australia,+61 8 9248 4440,,0 - 25,$1 - 10M,Retail
awningswa.com.au,8059977,Awnings WA Pty Ltd,,,,,Australia,+61 8 9470 6930,,25 - 100,$1 - 10M,Manufacturing
axsys.com.au,5374730,Axsys IT Pty Ltd,"Ground Floor, 100 Melville St",Hobart,Tasmania,7000,Australia,+61 1300 553 228,,25 - 100,$1 - 10M,Information Technology and Services
aylaconstructions.com.au,16777215,Ayla Constructions,107 Maud Street,Maroochydore,,4558,Australia,+61 7 5443 3546,,25 - 100,$1 - 10M,Construction
babyzonedirect.com.au,6681370,Baby Furniture - BabyZoneDirect,398 Keira Street,Wollongong,New South Wales,2500,Australia,+61 2 4228 4288,,100 - 250,$10 - 50M,Consumer Goods
balloonsabuzz.com.au,10247073,Balloons Abuzz,,,,,Australia,+61 8 9377 2829,,25 - 100,$1 - 10M,
bardenproduce.com.au,8273748,Barden Produce,1219-1231 Mamre Rd,Kemps Creek,NSW,2178,Australia,+61 2 8488 9977,domains@bardenproduce.com.au,250 - 1000,$10 - 50M,Food Production
basketville.com.au,16777215,Basketville,Suite 5042 Dora Creek,Rathmines,NSW,2264 Australia,Australia,+61 1300 667 494,,25 - 100,$1 - 10M,Consumer Goods
bcg.org.au,4407215,BCG (Birchip Cropping Group),73 Cumming Ave PO Box 85,Birchip,VIC,3483,Australia,+61 3 5492 2787,,25 - 100,$1 - 10M,Farming
beaumondecatering.com.au,9291695,Beaumonde Catering,,,WA,,Australia,+61 8 9377 2947,,25 - 100,$1 - 10M,Hospitality
beaurepaires.com.au,353765,Beaurepaires,101 Lonsdale Street,Dandenong,Victoria,3175,Australia,+61 3 9791 6322,,0 - 25,$1 - 10M,Retail
beckettsflat.com.au,16777215,Beckett's Flat,,,,,Australia,+61 8 9755 7402,,25 - 100,$10 - 50M,Mining & Metals
beginbright.com.au,3606826,Begin Bright,76 Musgrave Street,Kirra Beach,Nsw,4225,Australia,+61 1300 234 462,tina@beginbright.com.au,25 - 100,$1 - 10M,Education Management
belmonthire.com.au,5310974,Belmont Hire Service,,,,,Australia,+61 8 9478 1466,,25 - 100,$1 - 10M,Manufacturing
berriganwines.com.au,16777215,Berrigan Wines,,Perth,Western Australia,6053,Australia,+61 8 9383 7526,,25 - 100,$1 - 10M,Wine and Spirits
bestbuyelectrical.com.au,9952634,Best Buy Electrical,,,,,Australia,+61 8 9202 3333,,100 - 250,$10 - 50M,Wholesale
bestrane.com.au,16777215,Bestrane Group,Level 1 150 Albert Road,South Melbourne,VIC,3205,Australia,+61 3 9001 1565,shancock@bestrane.com.au,25 - 100,$1 - 10M,Logistics and Supply Chain
betta.com.au,185665,Betta Home Living (BSR Group),18/56 Lavarack Ave,Eagle Farm,QLD,4009,Australia,+61 2 6492 5252,,100 - 250,$10 - 50M,Consumer Electronics
betweentheflags.com.au,5312388,Between the Flags,"Queen Elizabeth Drive, Bondi Pavilion",Bondi,NSW,2030,Australia,+61 2 9356 7300,,100 - 250,$10 - 50M,Retail
beyondfurniture.com.au,2011766,Beyond Furniture,375-383 Pacific Highway,Crows Nest,New South Wales,2065,Australia,+61 2 9922 1518,,0 - 25,$1 - 10M,Furniture
bfg.net.au,9804277,BFG Financial Services,,,,,Australia,+1 619-980-5300,,100 - 250,$10 - 50M,
biennaleofsydney.com.au,16777215,Biennale of Sydney,43-51 Cowper Wharf Road,Woolloomooloo,NSW,2011,Australia,+61 2 8484 8700,info@cnpl.com.au,25 - 100,$1 - 10M,Fine Art
bikebiz.com.au,269874,Bike Biz Yamaha,7 Great Western Highway,Parramatta,NSW,2150,Australia,+61 2 9891 3299,,0 - 25,$1 - 10M,Automotive
billabongbrewing.com.au,5493139,Billabong Brewing Pty Ltd,,,,,Australia,+61 8 9317 2940,,100 - 250,$10 - 50M,Wholesale
birdinhand.com.au,2469917,Bird in Hand Winery,"Corner Bird in Hand & Pfeiffer Roads, Woodside",Adelaide,SA,5244,Australia,+61 8 8389 9488,,25 - 100,$1 - 10M,Wine and Spirits
bluebag.com.au,8064510,Bluebag,G405 Collins St,Melbourne,VIC,3000,Australia,+61 3 9614 7277,,25 - 100,$1 - 10M,Food & Beverages
bluechipit.com.au,482622,Bluechip Infotech,97 Derby St,Silverwater,NSW,2128,Australia,+61 1300 727 474,,100 - 250,$10 - 50M,Wholesale
bluedm.com.au,3937847,Blue Diamond Machinery,6 Hodgson Way,Kewdale,WA,6105,Australia,+61 8 9353 4436,info@bluedm.com.au,25 - 100,$1 - 10M,Machinery
bluetea.com.au,2998708,Blue Tea Kitchens,33 Haig Street Maroubra,Sydney,NSW,2035,Australia,+61 2 8005 7718,,25 - 100,$1 - 10M,Design
blythenterprises.com.au,5680212,Blyth Enterprises,10/83 Hector St W,Osborne Park,,6017,Australia,+61 8 9445 1622,,100 - 250,$10 - 50M,Wholesale
bodhij.com.au,4534612,Bodhi J Health & Beauty Spa,,,,,Australia,+61 8 9387 5152,,25 - 100,$1 - 10M,"Leisure, Travel & Tourism"
bodyorganics.com.au,13688984,Body Organics,6 Ambleside St West End,Brisbane,Qld,4101,Australia,+61 7 3846 0800,,25 - 100,$1 - 10M,"Health, Wellness and Fitness"
bollinger.net.au,16777215,Bollinger,,,,,Australia,+61 8 9244 6666,,25 - 100,$1 - 10M,
bonissimo.com.au,7155301,Bonissimo,,,,,Australia,+61 8 9228 0150,,25 - 100,$1 - 10M,Food Production
boptillyoudrop.com.au,5710150,Bop till you Drop,10 Forrest Road,Ryde,NSW,2112,Australia,+61 1300 130 313,,25 - 100,$1 - 10M,Entertainment
bournebathrooms.com.au,3060586,Bourne Bathroom & Kitchen Centre,31 Ascot Vale Rd Flemington,Melbourne,Victoria,3031,Australia,+61 1300 268 763,,25 - 100,$1 - 10M,Retail
boynessprings.com.au,14579881,Boynes Springs,,,WA,,Australia,+61 8 9446 5666,,25 - 100,$1 - 10M,
braecosales.com.au,4689816,Braeco Sales,8 Leeway Court Osborne Park,Perth,,,Australia,+61 8 9445 1600,,100 - 250,$10 - 50M,Industrial Automation
bragbags.com.au,10079476,bragbags australia,,,,,Australia,+61 403 654 968,,0 - 25,$1 - 10M,Apparel & Fashion
brand.com.au,12821676,Brand Promotions Pty Ltd,"Suite 3, 629 Gardeners Road",Mascot,NSW,2020,Australia,+61 2 9313 8844,,25 - 100,$1 - 10M,Marketing and Advertising
braza.com.au,2669368,Braza Churrascaria,1-25 Harbour St,Darling Quarter,NSW,2000,Australia,+61 2 9572 7921,,100 - 250,$10 - 50M,Hospitality
brazilianbeauty.com.au,811123,Brazilian Beauty,Brazilian Beauty Head Office 13/104 Newmarket Road,Newmarket,Qld,4030,Australia,+61 7 3357 4081,,100 - 250,$10 - 50M,"Health, Wellness and Fitness"
breville.com.au,291687,Breville Australia,461 Plummer Street,Port Melbourne,Victoria,3207,Australia,+61 3 8698 2985,,100 - 250,$10 - 50M,Consumer Goods
bridalobsessions.com.au,5169876,Bridal Obsessions,,,WA,,Australia,+61 8 9301 2397,,0 - 25,$1 - 10M,Retail
bridesselection.com.au,11365881,Brides Selection,,,,,Australia,+61 8 9381 9600,,0 - 25,$1 - 10M,Retail
brisound.com.au,2022046,Brisbane Sound Group,"248 Abbotsford Road, Bowen Hills",Brisbane,QLD,4006,Australia,+61 7 3257 1040,,25 - 100,$1 - 10M,Entertainment
brittonsformalwear.com.au,16777215,Britton's Formal Wear,,,,,Australia,+61 8 9325 7390,,0 - 25,$1 - 10M,Retail
bronzalicious.com.au,8490673,Bronzalicious Tan|Skin|Body,Shop 4 / 196 Military Rd,Neutral Bay,NSW,2089,Australia,+61 1300 884 077,,25 - 100,$1 - 10M,Cosmetics
budgetpc.com.au,768149,Budget PC Pty Ltd,45 Gilby Road #111,Mount Waverley,Victoria,3149,Australia,+61 3 9541 9000,,0 - 25,$10 - 50M,Restaurants
bullmotorbodies.com.au,9376497,Bull Motor Bodies,22 Peel Rd,O'Connor,WA,6163,Australia,+61 8 9314 5111,,25 - 100,$1 - 10M,Automotive
bunburyflorist.com.au,16777215,Bunbury Florist,,,,,Australia,+61 8 9721 3717,,0 - 25,$1 - 10M,Retail
bushmantanks.com.au,1553706,Bushman Group Pty Ltd,300 George St,Sydney,NSW,2000,Australia,+61 1800 287 462,,100 - 250,$10 - 50M,Plastics
businessi.com.au,16777215,Business Initiatives,20d William Street,Norwood,South Australia,5067,Australia,+61 8 8431 7444,,25 - 100,$1 - 10M,Accounting
businessonline.net.au,9607586,Online Business Australia,,,,,Australia,+61 418 911 642,,0 - 25,$1 - 10M,Marketing and Advertising
businesswarehouse.com.au,3299836,Business Warehouse,68 Berkshire Rd. Melways Ref. 26 K7.,Sunshine North,Victoria,3020,Australia,+61 3 9311 8899,,25 - 100,$1 - 10M,Business Supplies and Equipment
buymac.com.au,773551,PalaeoGraphics,285 Glen Huntly Road,Elsternwick,Victoria,3185,Australia,+61 3 9532 4855,,100 - 250,$10 - 50M,Semiconductors
c-eventhire.com.au,13171734,Carlisle Events Hire Pty Ltd,,,,,Australia,+61 8 9356 9622,,0 - 25,$1 - 10M,Retail
cacao.com.au,7480773,Cacao Fine Chocolates & Patisserie,Driver lane,Melbourne,VIC,3000,Australia,+61 3 9662 4777,,25 - 100,$1 - 10M,
cafecorporate.com.au,3309866,Cafe Corporate,,,,,Australia,+61 8 9330 1577,,100 - 250,$10 - 50M,Wholesale
calidad.net.au,8422610,Calidad Industries Pty Ltd,22 Conquest Way,Wangara,Western Australia,6065,Australia,+61 8 9302 6622,,100 - 250,$10 - 50M,Wholesale
cameraglasses.com.au,16777215,AEE Technology,Melbourne,Melbourne,,,Australia,+61 402 325 775,info@aee.com.au,25 - 100,$1 - 10M,Information Technology and Services
candycow.com.au,16777215,Candy Cow,,,,,Australia,+61 8 9755 9155,,0 - 25,$1 - 10M,Retail
capricornseakayaking.com.au,16777215,Capricorn Sea Kayaking,PO BOX 488,FREMANTLE,WA,6959,Australia,+61 8 6267 8059,hal@capricornseakayaking.com.au,25 - 100,$1 - 10M,"Leisure, Travel & Tourism"
caredent.com.au,7800110,CareDent Pty Ltd,"Unit 2, 27-29 Salisbury Rd",Hornsby,NSW,2077,Australia,+61 2 9987 4891,,25 - 100,$1 - 10M,"Health, Wellness and Fitness"
carinecycles.com.au,16777215,Carine Cycles,,,,,Australia,+61 8 9246 7533,,0 - 25,$1 - 10M,Retail
cartridges.com.au,4716171,cartridges.com.au,Suite 1 / 660 Old Calder Hwy (Head Offiice),Keilor,VIC,3036,Australia,+61 1800 227 874,,25 - 100,$1 - 10M,Business Supplies and Equipment
cedarcreekestate.com.au,8519764,Cedar Creek Estate Vineyard & Winery,104 Hartley Road,Mount Tamborine,QLD,4272,Australia,+61 7 5545 1666,,25 - 100,$1 - 10M,Wine and Spirits
ceh.org.au,9177387,Centre for Culture Ethnicity and Health,23 Lennox Street,Richmond,VIC,3121,Australia,+61 3 9418 9929,,25 - 100,$1 - 10M,Research
ceilings.com.au,5628176,Ceilings.com.au,,,,,Australia,+61 8 9492 1900,,100 - 250,$10 - 50M,Construction
centenarylandscaping.com.au,1493686,Centenary Landscaping Supplies,26 Sumners Road,Darra,QLD,4076,Australia,+61 7 3373 4997,,25 - 100,$1 - 10M,Construction
chainanddrives.com.au,5987603,Chain & Drives,45 Inspiration Drive Wangara,Perth,WA,6065,Australia,+61 8 9303 4966,,25 - 100,$10 - 50M,Mechanical or Industrial Engineering
changefactory.com.au,16777215,Change Factory,122/838 Collins Street,Victoria Harbour,Victoria,3008,Australia,+61 3 9614 8177,,25 - 100,$1 - 10M,Management Consulting
chatswoodchamber.com.au,9775388,Chatswood Chamber of Commerce,"Suite 2, Level 2, 1 Spring Street (entry via Albert Ave)",Chatswood,NSW,2067,Australia,+61 2 9415 2636,,100 - 250,$10 - 50M,Nonprofit Organization Management
cheapsheds.com.au,16777215,Cheap Sheds Pty Ltd,,,,,Australia,+61 1300 920 219,,25 - 100,$1 - 10M,Consumer Goods
chessindustries.com.au,5826201,CHESS Engineering,101 Fairford Road,Padstow,NSW,2211,Australia,+61 2 9772 2355,S.GRAHAM@CHESSINDUSTRIES.COM.AU,100 - 250,$10 - 50M,Mechanical or Industrial Engineering
chezjeanclaudepatisserie.com.au,8729218,Chez Jean-Claude Patisserie,,,,,Australia,+61 8 9381 7968,,0 - 25,$1 - 10M,Retail
childhoodaustralia.com.au,16777215,Childhood Australia,51 Edmondstone Street,South Brisbane,QLD,4101,Australia,+61 1300 612 288,,100 - 250,$10 - 50M,E-Learning
ciderhousetech.com.au,7158488,Cider House Tech,63 Monkhouse Drive,Endeavour Hills,VIC,3802,Australia,+61 3 9700 7769,,25 - 100,$1 - 10M,Information Technology and Services
cis.org.au,1112374,The Centre for Independent Studies,Level 4 / 38 Oxley St,St Leonards,NSW,2065,Australia,+61 2 9438 4377,,25 - 100,$1 - 10M,Think Tanks
citor.com.au,16777215,Citor Pty Ltd,,,,,Australia,+61 8 9430 5566,,25 - 100,$1 - 10M,Transportation/Trucking/Railroad
citybarn.com.au,16777215,City Barn,,,,,Australia,+61 8 9249 3799,,100 - 250,$10 - 50M,Wholesale
citygoldbullion.com.au,949562,City Gold Bullion,20 King William Street,Adelaide,South Australia,5000,Australia,+61 8 8223 2444,citygold@chariot.net.au,25 - 100,$1 - 10M,Financial Services
classicgiftbaskets.com.au,4854009,Classic Gift Baskets,,,,,Australia,+61 8 9291 8663,,0 - 25,$1 - 10M,Retail
classicsounds.com.au,3817541,Classic Sounds,,,,,Australia,+61 8 9495 1986,,0 - 25,$1 - 10M,Retail
cleancloth.com.au,16777215,"Belmont, Western",,,WA,,Australia,+61 8 9277 7211,,25 - 100,$1 - 10M,Textiles
cleverdesigns.com.au,7403136,Clever Designs,14 Brolo Court,O'Connor,Western Australia,6163,Australia,+61 8 9337 5998,,0 - 25,$1 - 10M,Retail
coalitionbrands.com.au,5675435,Coalition Brands,625 Chapel St,South Yarra,VIC,3141,Australia,+61 3 9827 7571,,25 - 100,$1 - 10M,Retail
coastal4x4.net.au,8861235,Coastal 4x4,,,,,Australia,+61 8 9417 9930,,25 - 100,$1 - 10M,Transportation/Trucking/Railroad
cockburnpartyhire.com.au,6471987,Cockburn Party Hire,,,WA,,Australia,+61 8 9418 8418,,0 - 25,$1 - 10M,Retail
coderedmarketing.com.au,10119918,Code Red Marketing,275 Canterbury Rd Canterbury,Melbourne,Victoria,3126,Australia,+61 3 8809 2700,,100 - 250,$1 - 10M,Automotive
collaw.edu.au,320545,The College of Law Australia,2 Chandos Street St Leonards,Sydney,NSW,2065,Australia,+61 1300 856 111,,100 - 250,$10 - 50M,Law Practice
collinscraft.com.au,11692042,Collins Craft,,,,,Australia,+61 8 9345 3250,,100 - 250,$10 - 50M,Wholesale
colony47.com.au,10162538,Colony 47,North Hobart TAS 700,Hobart,Tasmania,7000,Australia,+61 451 093 022,,100 - 250,$10 - 50M,Nonprofit Organization Management
compnow.com.au,1103316,Computers Now,64 Clarendon Street,South Melbourne,VIC,3205,Australia,+61 2 9951 7979,,100 - 250,$10 - 50M,Information Technology and Services
computerwest.com.au,16777215,Computer West,50 Bussell Highway,Busselton,WA,6280,Australia,+61 8 9754 2324,,100 - 250,$10 - 50M,Computer Hardware
concept2.com.au,829431,Concept2 Australia,65-67 Tucker St,Geelong,VIC,3220,Australia,+61 1800 730 051,,25 - 100,$1 - 10M,"Health, Wellness and Fitness"
conceptmusic.com.au,2249390,Concept Musical Instruments,246 Cambridge Street,Wembley,Western Australia,6014,Australia,+61 8 9381 2277,,0 - 25,$1 - 10M,Retail
conect.net.au,1875080,Conect Enterprises Pty Ltd,49 Lakewood Boulevard,Carrum Downs,VIC,3201,Australia,+61 3 8773 4100,,25 - 100,$1 - 10M,Printing
confidentialdocs.com.au,14196164,Confidential Document Solutions,"Level 2, 171 Elizabeth Street",Brisbane,QLD,4000,Australia,+61 7 3020 2777,,25 - 100,$1 - 10M,Printing
conserveit.com.au,10962185,Conserve It Pty Ltd,"Conserve It Pty Ltd Level 2, 395 Collins St",Melbourne,Vic,3000,Australia,+61 3 9629 9977,,25 - 100,$1 - 10M,Mechanical or Industrial Engineering
corcooling.com.au,9109950,COR Cooling Pty Ltd,960 Lytton Road,Murarrie,QLD,4172,Australia,+61 1800 674 110,,100 - 250,$10 - 50M,Mining & Metals
corporatefloral.com.au,9561161,Corporate Floral,,,WA,,Australia,+61 8 9354 4041,,0 - 25,$1 - 10M,Retail
cosmiccocktails.com.au,15015614,Cosmic Cocktails & Catering,"Unit 2, 61 Buckingham Drive",Wangara,WA,6065,Australia,+61 8 9206 5352,,0 - 25,$1 - 10M,Hospitality
culturalinfusion.org.au,1098025,Cultural Infusion,138 Cromwell Street,Colligwood,VIC,3066,Australia,+61 1800 010 069,,25 - 100,$1 - 10M,Events Services
curriecommunications.com.au,16777215,Currie Communications,190 Queen Street,Melbourne,,3000,Australia,+61 3 9670 6599,,25 - 100,$1 - 10M,Public Relations and Communications
customlighting.com.au,2074304,CUSTOM LIGHTING,1167 HIGH ST,ARMADALE,Victoria,3143,Australia,+61 3 9822 0001,info@customlighting.com.au,25 - 100,$1 - 10M,Design
cutlersdance.com.au,12372529,Cutler's Dance Club,,,,,Australia,+61 8 9331 4114,,25 - 100,$1 - 10M,"Leisure, Travel & Tourism"
cybershop.com.au,5516023,CYBERSHOP,134-138 Aberdeen Street,Northbridge,Western Australia,6003,Australia,+61 8 9227 8589,,100 - 250,$10 - 50M,Computer Hardware
cybertechuav.com.au,16777215,Cyber Technology,10/8 Booth Place,Balcatta,WA,6021,Australia,+61 8 6102 3292,JOSHPORTLOCK@MSN.COM,25 - 100,$1 - 10M,Aviation & Aerospace
cyclemania.com.au,6060154,Cyclemania,,,,,Australia,+61 8 9444 3483,,0 - 25,$1 - 10M,Retail
cyndan.com.au,2463883,Cyndan Chemical Solutions,"Unit 1, 1 Prosperity Parade",Warriewood,NSW,2102,Australia,+61 2 9998 5688,,25 - 100,$1 - 10M,Chemicals
dats.net.au,6728838,DATS Environmental Services,85-87 Old Pittwater Road,Brookvale,,2100,Australia,+61 1300 003 287,ben@focuscreative.com.au,100 - 250,$10 - 50M,Environmental Services
decorationsdirect.com.au,16777215,Decorations Direct,,,,,Australia,+61 457 916 919,,25 - 100,$1 - 10M,Entertainment
demolitionworks.com.au,16777215,Demolition Works,,,,,Australia,+61 8 9409 5501,,100 - 250,$10 - 50M,Construction
dermaviduals.com.au,4235310,Derma Aesthetics,Suite E Building 30 Suakin Drive Mosman,Sydney,NSW,2088,Australia,+61 1300 420 223,,100 - 250,$10 - 50M,Cosmetics
diamondsinternational.com.au,3849782,Diamonds International,"Shop 324, Corner Gympie & Hamilton Roads Chermside",Brisbane,Qld,4032,Australia,+61 7 3221 3677,sales@diamondsinternational.com.au,25 - 100,$1 - 10M,Luxury Goods & Jewelry
digistor.com.au,910134, ,5-7 Cleg Street,Artarmon,NSW,2064,Australia,+61 2 9431 6000,,25 - 100,$1 - 10M,Broadcast Media
digitalstar.com.au,710163,Digital Star Computer,13-15 Newton Street South,Auburn,New South Wales,2144,Australia,+61 2 8748 6868,,25 - 100,$1 - 10M,Computer & Network Security
discount.com.au,2132698,Discount Computer Suppliers,,,,,Australia,+61 8 9271 2756,,0 - 25,$1 - 10M,Retail
ditasolutions.com.au,16777215,dita Solutions,PO Box 1893,Toowong,QLD,4066,Australia,+61 7 3107 4460,,25 - 100,$1 - 10M,Education Management
dlink.com.au,156059,D-Link Australia,"D-LINK, 6-10 Talavera Road, North Ryde",Sydney,NSW,2113,Australia,+61 2 8899 1800,,100 - 250,$10 - 50M,Information Technology and Services
dogtainers.com.au,3149503,Dogtainers Pet Transport,36 Harvey Street North,Eagle Farm,Queensland,4009,Australia,+61 1300 135 252,,100 - 250,$10 - 50M,Transportation/Trucking/Railroad
dotmar.com.au,16777215,Dotmar Engineering Plastics,"Unit 1, 25 Loyalty Rd North Rocks",Sydney,NSW,2151,Australia,+61 8 9456 4700,,100 - 250,$1 - 10M,Plastics
dragonimage.com.au,950995,Dragon Image,22 Herbert Street,Artarmon,New South Wales,2064,Australia,+61 2 9906 5488,,25 - 100,$1 - 10M,Media Production
dreamdayinvitations.com.au,1169924,DreamDay Invitations,148 James Ruse Drive Rosehill,Sydney,NSW,2116,Australia,+61 1800 552 252,info@dreamdayinvitations.com.au,25 - 100,$1 - 10M,Retail
drummondgolf.com.au,258923,Drummond Golf,2A Westall Road Springvale,Melbourne,Victoria,3171,Australia,+61 2 9683 7411,,100 - 250,$10 - 50M,Retail
dsagencies.com.au,16777215,DS Agencies,,,WA,,Australia,+61 8 9422 1999,,0 - 25,$1 - 10M,Retail
dunbarservices.com.au,10731649,Dunbar Services WA,23 Crocker Drive,Malaga,WA,6090,Australia,+61 8 9248 1688,domains@hostaway.net.au,100 - 250,$10 - 50M,Facilities Services
e-p-s.com.au,13983976,E.P.S. Electric Parts Supplies Pty Ltd,,,,,Australia,+61 8 9472 9202,,100 - 250,$10 - 50M,Wholesale
eaglesplumbingshop.com.au,3893179,Eagles The Plumbing Shop,"23 Lyn Parade, Prestons",Sydney,NSW,2170,Australia,+61 1300 337 333,,100 - 250,$10 - 50M,Building Materials
eaglewools.com.au,6633072,Eagle Wools,,,,,Australia,+61 8 9336 2155,,0 - 25,$1 - 10M,Retail
eblueprint.com.au,7278026,eBlueprint,"Level 11, 160 Queen Street",Melbourne,Victoria,3000,Australia,+61 3 9826 3866,,25 - 100,$1 - 10M,Information Technology and Services
ecali.com.au,3361549,Ecali Fine Jewellery,,,,,Australia,+61 8 9382 3176,,0 - 25,$1 - 10M,Luxury Goods & Jewelry
ecospill.com.au,4945614,Ecospill,"Unit 1, 19 Hinkler Court",Brendale,QLD,4500,Australia,+61 7 3385 0121,admin@ecospill.com.au,25 - 100,$1 - 10M,Environmental Services
ecreators.com.au,849496,eCreators,"Level 4, 838 Collins St",Docklands,Victoria,3008,Australia,+61 3 9646 5079,,25 - 100,$1 - 10M,E-Learning
edex.com.au,625116,Educational Experience,Level 1 136 Hunter Street,Newcastle,NSW,2300,Australia,+61 1300 134 211,,100 - 250,$10 - 50M,Retail
eflux.com.au,16777215,eFlux,66 Barolin Street,Bundaberg,Queensland,4670,Australia,+61 1300 795 448,,25 - 100,$1 - 10M,Information Technology and Services
electricbug.com.au,3488694,ELECTRIC BUG PTY LTD,199-203 Torrens Rd,Ridleyton,South Australia,5008,Australia,+61 8 8346 9234,,25 - 100,$1 - 10M,Automotive
electronicbazaar.com.au,16777215,Electronic Bazaar,"PO Box 6110, ST KILDA RD CENTRAL",Melbourne,Victoria,8008,Australia,+61 3 9016 3949,sales@electronicbazaar.com.au,25 - 100,$10 - 50M,Consumer Electronics
emerchants.com.au,1019301,emerchants,"Level 2, 26 Commercial Rd",Newstead,Queensland,4005,Australia,+61 1300 739 889,,25 - 100,$1 - 10M,Financial Services
emotedigital.com.au,1719284,Emote Digital,13-25 Church St,Hawthorn,Victoria,3122,Australia,+61 3 9855 2304,,25 - 100,$1 - 10M,Internet
employeematters.com.au,8232951,Employee Matters Pty Ltd,PO Box 43 Belrose West,Sydney,NSW,2085,Australia,+61 2 8021 4206,,25 - 100,$1 - 10M,Human Resources
engageeducation.org.au,428314,Engage Education Foundation,211 Swan Street,Richmond,VIC,3121,Australia,+61 3 9024 4967,charles.korn@ee.org.au,100 - 250,$10 - 50M,Education Management
enoteca.com.au,3821282,Enoteca Sileno,920 Lygon Street,Carlton North,Vic,3054,Australia,+61 3 9389 7009,,25 - 100,$10 - 50M,Food & Beverages
enviroshop.com.au,2769155,EnviroGroup - Energy. Efficiency.,253 High St,Northcote,VIC,3070,Australia,+61 1300 430 430,,25 - 100,$1 - 10M,Renewables & Environment
envisageclinic.com.au,7072267,Envisage Clinic,154 Ashmore Road,Benowa,Qld,4217,Australia,+61 7 5539 4000,,25 - 100,$1 - 10M,Cosmetics
erazer.com.au,16387222,Erazer,,,,,Australia,+61 8 9385 6330,,25 - 100,$1 - 10M,Manufacturing
ergolinefurniture.com.au,16585330,Ergoline Furniture,108 Cutler Road,Jandakot,WA,6164,Australia,+61 8 9417 9190,,0 - 25,$1 - 10M,Hospitality
esidirect.com.au,2700422,esidirect,,Melbourne,VIC,,Australia,+61 1300 446 707,,25 - 100,$1 - 10M,Internet
essatto.com.au,12979422,Essatto Software Pty Limited,1/1 Tully Road East Perth,Perth,Western Australia,6004,Australia,+61 8 6382 1701,gioppolo@ioppolo.com.au,25 - 100,$1 - 10M,Information Technology and Services
estuarymarine.com.au,16777215,Estuary Marine,,,,,Australia,+61 8 9581 8444,,25 - 100,$1 - 10M,Machinery
eureka4wd.com.au,9422282,Eureka 4WD Training,UNIT 5 42 COMMERCE AVENUE,ARMADALE,WA,6112,Australia,+61 8 9497 5655,MARKH@EUREKA4WD.COM.AU,25 - 100,$1 - 10M,"Leisure, Travel & Tourism"
eurekaskydeck.com.au,789530,Eureka Skydeck 88,"7 Riverside Quay, Southbank",Melbourne,VIC,3006,Australia,+61 3 9693 8888,,100 - 250,$10 - 50M,Marketing and Advertising
europeanbedding.com.au,11854418,European Bedding,,,,,Australia,+61 8 9384 0388,,0 - 25,$1 - 10M,Retail
eventequipment.com.au,5508929,Event Equipment,139 Sackville Street,Collingwood,VIC,3066,Australia,+61 1300 134 841,,25 - 100,$1 - 10M,Events Services
everybitorganic.com.au,7780947,Every Bit Organic,"Unit 6, 86-90 Pipe Road",Laverton North,Victoria,3025,Australia,+61 3 9369 4888,,25 - 100,$1 - 10M,Wholesale
exeltek.com.au,593295,Exeltek,"752, Springvale Road Rd",Mulgrave,VIC,3170,Australia,+61 3 9548 8117,,0 - 25,$1 - 10M,Retail
expressscales.com.au,8439159,Express Scales And Till Solutions,,,,,Australia,+61 8 9244 4722,,25 - 100,$1 - 10M,Machinery
fabulouscatering.com.au,2333150,Fabulous Catering,Melbourne,Melbourne,VIC,3000,Australia,+61 1300 850 720,,100 - 250,$10 - 50M,Hospitality
familycapers.com.au,854505,Family Capers,9 Ausefeldii Drive,Spring Gully,VIC,3550,Australia,+61 1300 386 387,,0 - 25,$1 - 10M,Broadcast Media
familylife.com.au,2381786,Family Life,197 / 199 Bluff Road,Sandringham,Victoria,3191,Australia,+61 3 8599 5433,,100 - 250,$10 - 50M,Nonprofit Organization Management
fasttrack.com.au,1542119,FastTrack Recruitment & Staffing Software,"Level 14, 499 St Kilda Road",Melbourne,VIC,3004,Australia,+61 2 9221 6166,,100 - 250,$1 - 10M,Information Technology and Services
fidarsi.com.au,1509535,Fidarsi Furniture,"PO Box 518, Pyrmont",Sydney,,2009,Australia,+61 404 408 820,shop@fidarsi.com.au,0 - 25,$1 - 10M,Retail
finishingtouchgallery.com.au,7991504,The Finishing Touch Gallery,34 HIGH STREET,FREMANTLE,WA,6160,Australia,+61 8 9430 5533,ANDY@FINISHINGTOUCHGALLERY.COM.AU,100 - 250,$10 - 50M,Wholesale
finmark.com.au,16777215,Finmark,"19 Bennet Ave, Melrose Park, SA",,,5039,Australia,+61 8 8277 0555,,25 - 100,$1 - 10M,
fivestarproducts.com.au,12187486,Five Star Quality Products,130 Newton Road,Wetherill Park NSW 2164,,,Australia,+61 2 9725 3821,,100 - 250,$10 - 50M,Wholesale
flagworld.com.au,1944741,Carroll and Richardson Flagworld,22-24 Miles Street,Mulgrave,VIC,3170,Australia,+61 3 9566 4500,,25 - 100,$1 - 10M,Marketing and Advertising
flavourscatering.com.au,1777218,Flavours Catering + Events,1 / 23 Hotham Parade Artarmon,Cydney,New South Wales,2064,Australia,+61 1300 368 605,,25 - 100,$1 - 10M,Hospitality
florescence.com.au,16777215,Florescence Quality Cut Flowers,,,WA,,Australia,+61 8 9841 1938,,100 - 250,$10 - 50M,Farming
foodsafety.com.au,795405,Australian Institute of Food Safety,2404 Logan Road,Eight Mile Plains,QLD,4171,Australia,+61 1300 797 020,support@foodsafety.com.au,0 - 25,$1 - 10M,E-Learning
foodtime.com.au,16777215,Food Time,,Moorebank,,NSW 1875,Australia,+61 1300 880 615,info@foodtime.com.au,0 - 25,$1 - 10M,Food & Beverages
footgear.com.au,3119199,Ten If's Pty Ltd t/a Footgear,"Shop LG24 (Lower Ground), QueensPlaza 226 Queen Street",Brisbane,Queensland,4000,Australia,+61 7 5479 4141,,25 - 100,$1 - 10M,Retail
formdirect.com.au,3702865,Form Direct,56 Enterprise St,Svensson Heights,QLD,4670,Australia,+61 3 5444 0977,websites@noabusiness.com.au,25 - 100,$1 - 10M,Construction
fortheanimals.org.au,10177611,For The Animals,,Perth,WA,,Australia,+61 400 244 194,,25 - 100,$1 - 10M,Nonprofit Organization Management
fortresslearning.com.au,373369,Fortress Learning,PO Box 13081 George Street,Brisbane,Queensland,4003,Australia,+61 1300 141 994,,25 - 100,$1 - 10M,E-Learning
foundationpumps.com.au,16777215,Foundation Pump Services (WA),,,WA,,Australia,+61 8 9240 2992,,25 - 100,$1 - 10M,Philanthropy
foxwell.com.au,2078786,Foxwell,333 Brisbane St,West Ipswich,QLD,4305,Australia,+61 7 3103 0369,,0 - 25,$1 - 10M,Automotive
frankprowsehifi.com.au,11618147,Frank Prowse Hi-Fi,,,,,Australia,+61 8 9384 1362,,0 - 25,$1 - 10M,Retail
fresh927.com.au,1670565,Fresh 92.7,3 Cinema Place,Adelaide,SA,5000,Australia,+61 1300 737 374,,100 - 250,$10 - 50M,Entertainment
frigmac.com.au,11561212,Frigmac Pty Ltd,PO Box 1190,Midland,WA,6936,Australia,+61 8 9250 2440,domains@titanweb.com.au,100 - 250,$10 - 50M,Wholesale
frsa.com.au,4952304,Fire Rescue Safety Australia,17 Millrose Drive Malaga,Perth,Western Australia,6090,Australia,+61 8 9270 6777,,25 - 100,$1 - 10M,Public Safety
fruitatwork.com.au,4305417,Fruit at Work,"Suite 220, 79 Longueville Road",Lane Cove,NSW,2066,Australia,+61 1300 246 256,,25 - 100,$1 - 10M,"Health, Wellness and Fitness"
furnish4less.com.au,5197011,Furnish 4 Less,,,,,Australia,+61 8 9300 9339,,0 - 25,$1 - 10M,Retail
furnitureoptions.com.au,6072777,Furniture Options,50 Kent Street,CANNINGTON,WA,6107,Australia,+61 8 9228 4878,,25 - 100,$1 - 10M,Furniture
furnituretraders.com.au,6498737,Furniture Traders Australia,53 Enterprise Drive,Cleveland,Qld,4163,Australia,+61 7 3286 1977,,25 - 100,$1 - 10M,Wholesale
gaiaretreat.com.au,2038515,Gaia Retreat & Spa,933 Fernleigh Road,Brooklet,NSW,2479,Australia,+61 2 6687 1216,,25 - 100,$1 - 10M,"Health, Wellness and Fitness"
gallery360.com.au,5418827,Gallery 360,,,,,Australia,+61 8 9381 6577,,0 - 25,$1 - 10M,Retail
gamato.com.au,3342011,Gamato Manufacturing,,,,,Australia,+61 8 9451 8966,,100 - 250,$10 - 50M,Wholesale
gdaychef.com.au,6145066,G'Day Chef,98 Doveton Ave,Eumemmerring,Vic,3177,Australia,+61 3 9793 7699,,25 - 100,$1 - 10M,Food & Beverages
geldens.com.au,16777215,Geldens Pty Ltd,,,WA,,Australia,+61 8 9242 3166,,0 - 25,$1 - 10M,Retail
georgesbikeshop.com.au,6507663,George's Bike Shop,,,,,Australia,+61 8 9344 2393,,0 - 25,$1 - 10M,Retail
gerrardhydraulics.com.au,6757509,Gerrard Hydraulics,,,,,Australia,+61 8 9455 2344,,100 - 250,$10 - 50M,Construction
getmusic.com.au,630056,Universal Music Aust Pty Ltd,150 William Street,Woolloomooloo,NSW,2011,Australia,+61 2 9207 0500,,25 - 100,$1 - 10M,Music
giftwareagencies.com.au,16777215,Giftware Agencies,,,,,Australia,+61 8 9354 8377,,0 - 25,$1 - 10M,Retail
giri.com.au,12730939,Giri Martial Arts Supplies,,,,,Australia,+61 8 9458 9199,,25 - 100,$1 - 10M,"Leisure, Travel & Tourism"
glassedge.com.au,16777215,glassEdge Agency,Head Office,Sydney Olympic Park,NSW,2127,Australia,+61 400 229 168,,25 - 100,$1 - 10M,Marketing and Advertising
globalspill.com.au,1945483,Global Spill Control,16 Halsey Road,Airport West,Victoria,3042,Australia,+61 1800 774 557,,100 - 250,$10 - 50M,Environmental Services
goldfieldsautospares.com.au,16777215,Goldfields Auto Spares,,,,,Australia,+61 8 9091 4300,,0 - 25,$1 - 10M,Retail
golfclearanceoutlet.com.au,397430,The Golf Clearance Outlet,www.golfclearanceoutlet.com.au,Clarence Gardens,South Australia,5039,Australia,+61 8 8297 2236,,100 - 250,$10 - 50M,Retail
golights.com.au,420280,GoLights.com.au,1543 Botany rd Botany,Sydney,NSW,2019,Australia,+1 731-986-4664,,25 - 100,$1 - 10M,Consumer Goods
goodchild.com.au,6165894,Goodchild Enterprises,6 Pusey Road,Cockburn Central,Western Australia,6164,Australia,+61 8 9417 7033,,0 - 25,$1 - 10M,Retail
gordonrugby.com.au,1799165,Gordon Rugby Club,"Level 5, Mandarin Centre, Cnr Albert Ave & Victor St, Chatswood",Chatswood,NSW,2067,Australia,+61 2 9413 8468,,25 - 100,$1 - 10M,Sports
graduatehouse.com.au,8687418,Graduate Union of University of Melbourne (Graduate House),220 Leicester Street,Carlton,VIC,3053,Australia,+61 3 9347 3428,,25 - 100,$1 - 10M,E-Learning
graphicsource.com.au,10339633,Graphic Source,24 Jersey Street,Jolimont,WA,6014,Australia,+61 8 9387 4800,,25 - 100,$1 - 10M,Design
grcsolutions.com.au,2424567,GRC Solutions Pty Ltd,Level 21 1 York Street,Sydney,New South Wales,2000,Australia,+61 1800 676 011,,25 - 100,$1 - 10M,E-Learning
greenhomesaustralia.com.au,1628837,Green Homes Australia,Level 1/125 Byng Street,Orange,NSW,2800,Australia,+61 1300 724 661,,25 - 100,$1 - 10M,Environmental Services
gronbeksecurity.com.au,9254465,Gronbek Security,,,,,Australia,+61 8 9433 3311,,100 - 250,$10 - 50M,Construction
guidedogsqld.com.au,4815496,Guide Dogs Queensland,1978 Gympie Road,Bald Hills,QLD,4036,Australia,+61 7 3871 1787,domains@brightlabs.com.au,100 - 250,$10 - 50M,Nonprofit Organization Management
gulfwestern.com.au,2510782,Gulf Western Oil,1 Coombes dr,Penrith,NSW,2750,Australia,+61 2 9673 9600,ben@gulfwestern.com.au,25 - 100,$1 - 10M,Oil & Energy
gymandfitness.com.au,373937,Gym And Fitness Australia,1 Hughes St Unley,Adelaide,SA,5061,Australia,+61 8 7123 2918,,25 - 100,$1 - 10M,Retail
hanlec.com.au,16777215,Hanlec Electrical Pty Ltd,,,,,Australia,+61 401 300 999,,100 - 250,$10 - 50M,Construction
healthworks.com.au,1970148,Healthworks Australia,Suite 702 140 Arthur Street,North Sydney,NSW,,Australia,+61 1300 901 090,,25 - 100,$1 - 10M,"Health, Wellness and Fitness"
healthyvalleyorganics.com.au,16777215,Healthy Valley Organics,,,WA,,Australia,+61 8 9371 9903,,25 - 100,$1 - 10M,Food Production
hempco.net.au,9394948,Margaret River Hemp Co,,,,,Australia,+61 8 9758 8600,,25 - 100,$1 - 10M,Food Production
heyprestomagic.com.au,6495360,Hey Presto Magic Studio,,Sydney,New South Wales,2000,Australia,+61 2 9232 7660,,0 - 25,$1 - 10M,Retail
hillsidebuggies.com.au,11641250,Hillside Buggies,,,WA,,Australia,+61 8 9377 2535,,100 - 250,$10 - 50M,Wholesale
hisco.com.au,16777215,Hisco Hospitality and Healthcare,City West Shopping Centre West Perth,Perth,WA,6005,Australia,+61 8 9388 3400,,100 - 250,$1 - 10M,Hospitality
hoffmanprocess.com.au,744308,Hoffman Centre Australia/Singapore,PO Box 1225,Byron Bay,NSW,2481,Australia,+61 3 9826 2133,,25 - 100,$1 - 10M,Professional Training & Coaching
holysheet.com.au,10625757,Holy Sheet!,,,,,Australia,+61 8 9791 7774,,0 - 25,$1 - 10M,Retail
homemove.com.au,8868975,HomeMove,420 Victoria St Brunswick,Melbourne,Victoria,3056,Australia,+61 3 9077 3120,,25 - 100,$1 - 10M,Transportation/Trucking/Railroad
hondashop.com.au,2046474,The Honda Shop,106 Morrison road,Perth,WA,6056,Australia,+61 8 9274 3555,,0 - 25,$1 - 10M,Local Business
hoskings.com.au,3631712,Hoskings Jewellers,,,,,Australia,+61 1800 819 796,,100 - 250,$10 - 50M,Retail
hotbite.com.au,2923492,Hotbite,334 Wanneroo Road,Nollamara,Western Australia,6061,Australia,+61 8 9440 1865,,0 - 25,$1 - 10M,Entertainment
hotchillisource.com.au,5050853,Hot Chilli Source Pty Ltd,13 Gibbens Rd,West Gosford,NSW,2250,Australia,+61 1800 276 872,speck101@me.com,25 - 100,$1 - 10M,Wholesale
hotelhome.com.au,4431705,Hotels Apart Linen Supply,,,,,Australia,+61 8 9240 6656,,25 - 100,$1 - 10M,
hvacrsupplies.com.au,13108268,HVACR Supplies,4/14 Rodborough Road,Frenchs Forest,NSW,2068,Australia,+61 2 9975 7900,,25 - 100,$1 - 10M,Import and Export
ice.org.au,3180774,Information & Cultural Exchange (ICE),8 Victoria Road,Parramatta,NSW,,Australia,+61 2 9897 5744,,25 - 100,$1 - 10M,Nonprofit Organization Management
icomm.com.au,3830824,IComm Australia,387 Flemington Road,North Melbourne,VIC,3051,Australia,+61 1300 881 641,,25 - 100,$1 - 10M,Information Technology and Services
idealofficefurniture.com.au,3125637,Ideal Furniture,"Unit 2/2, Parramatta Rd",NSW,NSW,2142,Australia,+61 2 9897 0588,info@idealofficefurniture.com.au,25 - 100,$1 - 10M,Furniture
imagine.com.au,7170313,Imagine Web Design,251 Bondi Rd Bondi Beach,Sydney,NSW,2026,Australia,+61 1300 002 008,,25 - 100,$1 - 10M,Internet
impactcommunications.com.au,7034288,IMPACT Communications Australia,"Level 2, 67-69 Murray St",Pyrmont,NSW,2009,Australia,+61 2 9519 5411,,25 - 100,$1 - 10M,Public Relations and Communications
indrub.com.au,1610777,Industrial Rubber Supplies Pty Ltd,,,,,Australia,+61 8 9362 5044,,25 - 100,$1 - 10M,Plastics
insideretail.com.au,179574,Inside Retail,Sydney,,,2000,Australia,+61 2 9901 1800,,25 - 100,$1 - 10M,Publishing
inspireeducation.net.au,302045,Inspire Education Pty Ltd,Level 10 243 Edward Street,Brisbane,QLD,4000,Australia,+61 1800 506 509,,100 - 250,$1 - 10M,Professional Training & Coaching
intechnology.com.au,6790213,inTechnology Distribution Pty Ltd,"Suite 13-14, 7 Traders Way",CURRUMBIN WATERS,QLD,4223,Australia,+61 7 5699 9800,,25 - 100,$1 - 10M,Information Technology and Services
interlinked.com.au,5324755,Interlinked Pty Ltd,Level 7 51 Pitt Street,Sydney,NSW,2000,Australia,+61 1300 302 207,,25 - 100,$1 - 10M,Information Technology and Services
internetmarketingdirect.com.au,11124104,Internet Marketing Direct Pty Ltd,,Brisbane,QLD,4217,Australia,+61 7 5577 3759,,25 - 100,$1 - 10M,Internet
isabellaspassion.com.au,778160,Isabellas Passion,,,,,Australia,+61 7 5554 6699,isabellaspassion@gmail.com,25 - 100,$1 - 10M,Retail
ishka.com.au,460779,Ishka P/L,300 Nicholson Street,Fitzroy,VIC,3065,Australia,+61 3 9416 0777,,100 - 250,$10 - 50M,Retail
islandbrook.com.au,16777215,Island Brook Estate,7388 Bussell Hwy,Metricup,WA,6280,Australia,+61 8 9755 7501,,25 - 100,$10 - 50M,Local Business
isw.com.au,9649543,ISW,2 Kelly Street,Battery Point,Tasmania,7004,Australia,+61 1800 456 001,,25 - 100,$1 - 10M,Information Technology and Services
itic.com.au,3887641,ITIC - IT Training & Resourcing,"Level 3, 321 Pitt Street",Sydney,NSW,2000,Australia,+61 1300 008 001,,25 - 100,$1 - 10M,Information Technology and Services
itsuperstore.com.au,7806158,à¸‰à¸±à¸™à¹€à¸›à¹‡à¸‡à¸‰à¸±à¸™ à¹€à¸›à¹‡à¸™à¸‚à¸­à¸‡à¹ƒà¸„à¸£,,,,,Australia,+61 2 8065 0460,,,$1 - 10M,Information Technology and Services
jahroc.com.au,4240404,Jahroc Furniture,PO BOX 1265,MARGARET RIVER,WA,6285,Australia,+61 8 9641 2522,LARA@JAHROC.COM.AU,0 - 25,$1 - 10M,Retail
janomesewing.com.au,5537674,Janome Sewing Centre,,,,,Australia,+61 8 9300 3499,,0 - 25,$1 - 10M,Retail
jaycar.com.au,51302,Jaycar Electronics,2474 Gold Coast Highway,Mermaid Beach,Queensland,4218,Australia,+61 7 5526 6722,,100 - 250,$10 - 50M,Consumer Goods
jbmetro.com.au,3135473,JBMetroDist,368 - 370 Newbridge Road,Moorebank,NSW,2170,Australia,+61 2 9733 0500,,25 - 100,$1 - 10M,Food & Beverages
jckdistributors.com.au,16777215,JCK DISTRIBUTORS,,,WA,,Australia,+61 8 9403 0699,,0 - 25,$1 - 10M,Chemicals
jdstudio.com.au,14228827,Jewellery Design Studio,,,,,Australia,+61 8 9301 4077,,0 - 25,$1 - 10M,Luxury Goods & Jewelry
jeenee.org.au,921770,Jeenee Mobile,Level 1 426 Church St,"Parramatta, Sydney",NSW,2150,Australia,+61 1300 054 631,,100 - 250,$10 - 50M,Telecommunications
joannegreen.com.au,11837040,Joanne Green Landscape Design Pty Ltd,10D Ponderosa Pde.,Warriewood,NSW,2102,Australia,+61 2 9979 5363,,25 - 100,$1 - 10M,Construction
joondalupmusic.com.au,4319948,Joondalup Music Centre,,,,,Australia,+61 8 9300 0965,,0 - 25,$1 - 10M,Sporting Goods
joondalupresort.com.au,2006530,Joondalup Resort,Country Club Boulevard,Connolly,,6027,Australia,+61 8 9400 8888,,25 - 100,$1 - 10M,Hospitality
jpgroup.com.au,9536108,J & P Group,Short Street,Picton,Western Australia,6229,Australia,+61 8 9725 5050,,100 - 250,$10 - 50M,Mining & Metals
jti.edu.au,1032358,Job Training Institute,"Level 5 Plaza Business Centre, 26 McCrae Street",Dandenong,VIC,3175,Australia,+61 1300 144 584,,25 - 100,$1 - 10M,Higher Education
juniorcru.com.au,3727996,CULTIVATED IMAGE PTY LTD,161 Robertson Street,Brisbane,QLD,4006,Australia,+61 7 3366 7600,BRUCE@CULTIVATORAUSTRALIA.COM.AU,100 - 250,$1 - 10M,Marketing and Advertising
justlouisville.com.au,16777215,Just Louisville,,,,,Australia,+61 8 9274 7959,,25 - 100,$1 - 10M,Transportation/Trucking/Railroad
kambos.com.au,512703,Kambo's Homemaker Superstore,738 Marshall Road,"Malaga, Perth",Western Australia,6090,Australia,+61 8 9208 7555,,100 - 250,$10 - 50M,Retail
kelato.com.au,5138428,Kelato Animal Health,88 Elgin Boulevard,Sydney,VIC,2228,Australia,+61 2 6055 3333,,25 - 100,$1 - 10M,Veterinary
kevmor.com.au,4605420,Kevmor Flooring,"11 Belmont Avenue, Belmont",Perth,WA,6104,Australia,+61 8 9277 7177,,100 - 250,$10 - 50M,Local Business
kiallafoods.com.au,5551015,Kialla Pure Foods: the Organic Grain Millers,342 Greenmount-Etonvale Rd,Greenmount,Qld,4359,Australia,+61 7 4697 0300,,25 - 100,$1 - 10M,Food Production
kientertainment.com.au,5363996,KI ENTERTAINMENT,"21, 317-321 Woodpark Road",Smithfield,NSW,2164,Australia,+61 2 9604 3600,,25 - 100,$1 - 10M,Music
kimberleycoastalcamp.com.au,8125914,Kimberley Coastal Camp,,,,,Australia,+61 417 902 006,,25 - 100,$1 - 10M,"Leisure, Travel & Tourism"
kingsfunerals.com.au,16777215,Kings Funerals,130 Bellarine Hwy,Newcomb,VIC,3219,Australia,+61 3 5248 3444,,25 - 100,$1 - 10M,Consumer Services
kitbag.com.au,1481551,The Kit Bag,Unit 7 / 14 Farrall Road,Midvale,WA,6056,Australia,61 8 9250 8448 - 1300 548 224,,25 - 100,$1 - 10M,Military
knitwit.com.au,2967353,Knitwit Fabrics,,,,,Australia,+61 8 9389 1222,,25 - 100,$1 - 10M,Textiles
koalahospital.org.au,956912,Koala Preservation Society of NSW Inc,"Macquarie Nature Reserve, Lord Street",Port Macquarie,NSW,2444,Australia,+61 2 6584 1522,,100 - 250,$10 - 50M,Nonprofit Organization Management
konnectlearning.com.au,4799021,Konnect Learning,PO Box 683,Potts Point,NSW,1335,Australia,+61 2 4908 1966,,25 - 100,$1 - 10M,Education Management
lauderandhoward.com.au,16777215,Lauder & Howard,,,,,Australia,+61 8 9339 1120,,0 - 25,$1 - 10M,Retail
laundrygroup.com.au,8929789,Laundry Group (previously Laundry Creative),"River level, Brisbane Powerhouse 119 Lamington St",New Farm,QLD,4005,Australia,+61 7 3254 0224,,25 - 100,$1 - 10M,Marketing and Advertising
lavinawines.com.au,10742842,LavinaWines,12 Beltunga Close,Blewitts Springs,SA,5171,Australia,+61 8 8383 0928,,25 - 100,$1 - 10M,Local Business
leadingteams.net.au,9412355,Leading Teams,"Ground Floor, 120 Jolimont Road",East Melbourne,Victoria,3002,Australia,+61 3 9654 3744,,25 - 100,$1 - 10M,Professional Training & Coaching
learningplan.com.au,16777215,Learning Plan,Level 2 80 Mount Street,North Sydney,NSW,2060,Australia,+61 1300 415 343,,25 - 100,$1 - 10M,E-Learning
ledified.com.au,1905097,LEDified Lighting Corporation Pty Ltd,95-117 Buckhurst Street,South Melbourne,Victoria,3205,Australia,+61 13 53 37,,100 - 250,$10 - 50M,Renewables & Environment
legendsbridal.com.au,3954583,Legends Bridal House,,,,,Australia,+61 8 9300 0133,,0 - 25,$1 - 10M,Retail
lenards.com.au,2204791,Lenard's Chicken,"Level 1, 225 Montague Rd",West End,Queensland,4101,Australia,+61 8 9325 3633,,100 - 250,$1 - 10M,Retail
lifesaver.org.au,6845752,Westpac Life Saver Rescue Helicopters,Cape Banks Road Botany Bay National Park,La Perouse,NSW,2036,Australia,+61 2 9311 3499,,25 - 100,$1 - 10M,Aviation & Aerospace
lighthouselocksmiths.com.au,8719479,Lighthouse Locksmiths,,,,,Australia,+61 8 9455 3083,,100 - 250,$10 - 50M,Construction
limelight.org.au,16777215,Limelight Foundation Incorporated,1 Clark Tce,Seaton,SA,5023,Australia,+61 8 8121 8454,,25 - 100,$1 - 10M,Mental Health Care
lioncrest.com.au,15084336,Lioncrest Education,PO Box 340,Cessnock,NSW,2325,Australia,+61 2 4991 2874,,100 - 250,$10 - 50M,Education Management
lockstock.com.au,11297449,"Lock, Stock & Farrell",,,,,Australia,+61 8 9277 7117,,100 - 250,$10 - 50M,Construction
luggagedirect.com.au,740170,Luggage Direct,"222 Montague Road, West End",Brisbane,QLD,4101,Australia,+61 7 3890 5931,alisia.antony@gmail.com,25 - 100,$1 - 10M,Retail
madebytait.com.au,2749021,Tait.,176 Johnston Street,Fitzroy,VIC,3065,Australia,+61 3 9419 7484 and +61 2 9310 1333,,25 - 100,$1 - 10M,Furniture
magentosolutions.com.au,12814470,Magento Solutions,Smith Street Parramatta,Sydney,NSW,2150,Australia,+61 2 8208 7030,,25 - 100,$1 - 10M,Information Technology and Services
mainpeak.com.au,687589,Mainpeak Pty Ltd,31 Jarrad Street,Cottesloe,Western Australia,6011,Australia,+61 8 9385 2552,,100 - 250,$1 - 10M,Consumer Goods
majorsgroup.com.au,3476376,Majors Group Australasia Pty Ltd,5 Export Drive,Brooklyn,New South Wales,3012,Australia,+61 1800 625 677,,100 - 250,$1 - 10M,Business Supplies and Equipment
makinex.com.au,1870185,Makinex Construction Products,15 Waltham Street,Artarmon,NSW,2064,Australia,+61 1300 795 953,,25 - 100,$1 - 10M,Construction
mandurahforumflorist.com.au,9722867,Madurah Forum Florist,330 Pinjarra Road,Mandurah,Western Australia,6210,Australia,+61 8 9581 5573,,25 - 100,$10 - 50M,Retail
maritimeelectronics.com.au,12467093,Maritime Electronic Services,,,WA,,Australia,+61 8 9335 2716,,100 - 250,$10 - 50M,Computer Hardware
marqueemagic.com.au,3144845,Marquee Magic,,,WA,,Australia,+61 8 9455 2119,,0 - 25,$1 - 10M,Retail
matchbox.com.au,403655,Matchbox (Australia),,,,,Australia,+61 3 9528 5911,,100 - 250,$10 - 50M,Retail
matildasantiques.com.au,16535363,Matilda's Antique Centre,,,,,Australia,+61 8 9335 6881,,0 - 25,$1 - 10M,Retail
maxtonfox.com.au,16200253,Maxton Fox,87 Bay St,Glebe,NSW,2037,Australia,+61 2 9621 6611,dbradshaw@maxtonfox.com.au,100 - 250,$10 - 50M,Furniture
mckenzieproducts.com.au,16777215,McKenzie Products,,,WA,,Australia,+61 8 9493 6699,,100 - 250,$10 - 50M,Wholesale
mediquipdirect.com.au,4681263,MEDIQUIP PTY LTD,3 Henry St,Loganholme,QLD,4129,Australia,+61 413 208 288,KHOGAN@MEDIQUIP.COM.AU,25 - 100,$1 - 10M,Medical Devices
metroarts.com.au,4112299,Metro Arts,109 Edward St,Brisbane,QLD,4000,Australia,+61 7 3002 7100,,25 - 100,$1 - 10M,Arts and Crafts
metromovers.com.au,6834670,Metromovers,30 Murray Street,Marrickville,NSW,2204,Australia,+61 1300 138 960,,100 - 250,$10 - 50M,Consumer Services
midlandpetcentre.com.au,8935854,Midland Pet & Aquarium Centre,,,WA,,Australia,+61 8 9274 4737,,0 - 25,$1 - 10M,Retail
millenniumflorist.com.au,16777215,Millennium Florist & Gift Baskets,,,WA,,Australia,+61 8 9243 1292,,0 - 25,$1 - 10M,Retail
milnealexander.com.au,13505186,Milne Alexander,Level 7 117 York Street,Sydney,NSW,2000,Australia,+61 2 9279 4399,,25 - 100,$1 - 10M,Insurance
minersden.com.au,1046421,Miners Den,109 Watson Street,Bendigo,VIC,3550https://ecn.t3.tiles.virtualearth.net/tiles/r3,Australia,+61 3 5448 4140,,25 - 100,$1 - 10M,Consumer Goods
morganadhesives.com.au,16777215,Morgan Ceramic Tile Adhesives,,,,,Australia,+61 8 9272 4666,,25 - 100,$1 - 10M,Chemicals
musicpark.com.au,2158991,Music Park,,,,,Australia,+61 8 9470 1020,,25 - 100,$1 - 10M,Retail
mydiamonds.com.au,4075185,MY Diamonds Pty Ltd,"Level 29, 2 Chifley Square",Sydney,New South Wales,2000,Australia,+61 1300 665 520,,25 - 100,$1 - 10M,Luxury Goods & Jewelry
myhouse.com.au,528386,MyHouse Australia,,,,,Australia,+61 1300 360 217,,100 - 250,$10 - 50M,Retail
myjewelleryshop.com.au,2890864,My Jewellery Shop Australia,2229 Gold Coast Highway Nobby Beach,Brisbane,Queensland,4218,Australia,+61 1800 695 393,,25 - 100,$1 - 10M,Retail
myswissarmyknife.com.au,2793938,MySwissArmyKnife,2/21 Scoresby Road,Bayswater,VIC,3153,Australia,+61 3 9780 1807,support@myswissarmyknife.com.au,25 - 100,$1 - 10M,
mytoyworld.com.au,5156363,My Toyworld Australia,Toyworld Forest Hill,,,,Australia,+61 3 9878 0422,,25 - 100,$1 - 10M,Retail
nationalaudio.com.au,4796599,National Audio Systems,127 Merrindale Drive Croydon,Melbourne,Victoria,3136,Australia,+61 3 8756 2600,,25 - 100,$1 - 10M,Wholesale
natlube.com.au,16777215,National Lubrication Systems,,,,,Australia,+61 8 9277 4355,,25 - 100,$1 - 10M,Machinery
naturalarea.com.au,16777215,Natural Area Management & Services,,,WA,,Australia,+61 8 9209 2767,,25 - 100,$1 - 10M,
neltronics.com.au,1949230,Neltronics Australia,4/50 Jersey St,Jolimont,WA,6014,Australia,+61 8 9383 7833,,25 - 100,$10 - 50M,Consumer Electronics
neoz.com.au,4713425,NEOZ PTY LTD,20 Tepko Road Terrey Hills,Sydney,NSW,2084,Australia,+61 2 9810 5520,peter@neoz.com.au,25 - 100,$1 - 10M,Design
nordicfitness.com.au,6102822,Nordic Fitness Equipment,,,,,Australia,+61 8 9328 1011,,100 - 250,$10 - 50M,Wholesale
norwestcraft.com.au,16777215,Norwest Craft Supplies,,,,,Australia,+61 8 9144 4059,,0 - 25,$1 - 10M,Retail
novaproducts.com.au,8227637,Novaplas Architectural Products,,,,,Australia,+61 8 9455 2228,novaproducts.seo@gmail.com,100 - 250,$10 - 50M,
nuenergy.com.au,16777215,Nu Energy,4 Meaden Street,Southbank,VIC,3006,Australia,+61 1300 768 225,,100 - 250,$10 - 50M,Renewables & Environment
oasisumbrellaworld.com.au,6740908,Oasis Umbrella World,168 Great Eastern Highway,Midland,,6056,Australia,+61 8 9389 8363,,100 - 250,$10 - 50M,Construction
officestoragesupplies.com.au,16777215,Office Storage Supplies,"Unit 1/46,Garema Circuit,",Kingsgrove,NSW,2208,Australia,+61 1300 654 747,details@officestoragesupplies.com.au,25 - 100,$1 - 10M,Retail
officeway.com.au,5001680,Officeway Office National,58 Greens Road,Dandenong,VIC,3175,Australia,+61 3 9794 7177,sales@officeway.com.au,25 - 100,$1 - 10M,Retail
oliversrealfood.com.au,2406653,Oliver's Real Food,,Tuggerah,NSW,2259,Australia,+61 434 390 758,,25 - 100,$1 - 10M,Restaurants
omashopfittings.com.au,16777215,O.M.A. Shopfittings,16 Kearney Street,Victoria,Victoria,3153,Australia,+61 3 9762 8959,JANE.PEARCE@OMASYSTEMS.COM.AU,25 - 100,$1 - 10M,Retail
onegirl.org.au,1384683,One Girl,159 Sackville St,Collingwood,VIC,3066,Australia,+61 3 9028 2355,,25 - 100,$1 - 10M,Nonprofit Organization Management
onlymelbourne.com.au,166460,Cheeky Dog Coffee,12728 Franklin St,Melbourne,VIC,3000,Australia,+61 3 9663 1016,,0 - 25,$10 - 50M,Entertainment
oreillys.com.au,16777215,"O'Reilly's Rainforest Retreat, Villas & Lost World Spa and Conference Centre",Lamington National Park Road,Via Canungra,Queensland,4275,Australia,+61 1800 688 722,,100 - 250,$10 - 50M,"Leisure, Travel & Tourism"
organicngreen.com.au,8028668,Organic N Green,3 Adalia Street,Kallaroo,Western Australia,6025,Australia,+61 8 9402 3094,,25 - 100,$1 - 10M,Chemicals
ourvillage.com.au,11744348,Our Village Foundation,425 Elizabeth Ave,Redcliffe,QLD,4019,Australia,+61 7 3883 0955,,25 - 100,$1 - 10M,Civic & Social Organization
ozbinoculars.com.au,2533074,OZBinoculars,Unit 2/21 Scoresby Road,Bayswater,VIC,3153,Australia,+61 3 9780 1816,support@ozbinoculars.com.au,25 - 100,$1 - 10M,Local Business
ozbreathalyzer.com.au,16777215,OZBreathalyzer,,,,,Australia,+61 3 9780 1808,support@ozbreathalyzer.com.au,0 - 25,$1 - 10M,
ozbubblewrap.com.au,6485552,OZBubblewrap,2/21 Scoresby Road,Bayswater,VIC,3153,Australia,+61 3 9780 1811,support@ozbubblewrap.com.au,0 - 25,$1 - 10M,
ozdesignfurniture.com.au,533551,OZ Design Furniture PTY. Limited,PO Box 3598,Rouse Hill,Victoria,2155,Australia,+61 3 5821 0353,,100 - 250,$1 - 10M,Furniture
ozdogbeds.com.au,3393543,OZDogbeds,"2/21, Scoresby Road",Bayswater,VIC,3153,Australia,+61 3 9780 1805,support@ozdogbeds.com.au,25 - 100,$1 - 10M,Consumer Goods
ozgadgets.com.au,7855746,OZGadgets,,,,,Australia,+61 3 9780 1803,support@ozgadgets.com.au,0 - 25,$1 - 10M,
ozhut.com.au,3700043,OzHut,Unit 2 / 21 Scoresby Road,Bayswater,VIC,3153,Australia,+61 3 9780 1888,marketing@ozhut.com,25 - 100,$1 - 10M,Retail
ozkitchenware.com.au,3800556,OZKitchenware,2/21 Scoresby Road,,,3153,Australia,+61 1800 000 200,support@ozkitchenware.com.au,0 - 25,$1 - 10M,Local Business
ozmicroscopes.com.au,7357660,OZMicroscopes,,,,,Australia,+61 3 9780 1816,support@ozmicroscopes.com.au,0 - 25,$1 - 10M,Recreational Facilities and Services
ozmotorcyclegear.com.au,5215941,OZMotorcyclegear,,,,,Australia,+61 3 9780 1804,support@ozmotorcyclegear.com.au,25 - 100,$1 - 10M,Consumer Goods
oznightvision.com.au,16777215,OZNightvision,,,,,Australia,+61 3 9780 1816,support@oznightvision.com.au,25 - 100,$1 - 10M,
ozpictureframe.com.au,16777215,OZPictureframe,,,,,Australia,+61 3 9780 1817,support@ozpictureframe.com.au,25 - 100,$1 - 10M,Consumer Goods
ozriflescopes.com.au,6415590,OZRiflescopes,"2/21 Scoresby Road, Bayswater",Melbourne,VIC,3153,Australia,+61 3 9780 1816,support@ozrilescopes.com.au,0 - 25,$1 - 10M,Consumer Goods
ozscopes.com.au,615209,OZScopes,,,,,Australia,+61 1800 726 737,support@ozscopes.com.au,0 - 25,$1 - 10M,Consumer Goods
ozspy.com.au,1277888,Discreet Investigations & Security Pty Ltd T/A OzSpy Indooroopilly,Shop 2 37 Station Road,Indooroopilly,Qld,4068,Australia,+61 7 3348 8320,research@ozspy.com.au,0 - 25,$1 - 10M,Security and Investigations
oztorches.com.au,5613853,OZTorches,Unit 2/21 Scoresby Road,Bayswater,VIC,3153,Australia,+61 3 9780 1809,support@oztorches.com.au,0 - 25,$1 - 10M,
oztrail.com.au,707438,OZtrail Leisure Products,71 Charles Ulm Place,EAGLE FARM,QLD,4009,Australia,+61 7 3193 1110,,25 - 100,$1 - 10M,"Leisure, Travel & Tourism"
ozzytyres.com.au,363440,Ozzy Tyres,Unit 1-3/200 Hoxton Park Road,Liverpool,NSW,2170,Australia,+61 1300 699 699,,25 - 100,$1 - 10M,Automotive
paperco.com.au,16777215,Paper Company Of Australia The,,,,,Australia,+61 8 9249 4540,,100 - 250,$10 - 50M,Wholesale
parexdavco.com.au,833049,ParexGroup Pty Ltd,67 Elizabeth Street,Wetherill Park,NSW,2164,Australia,+61 1800 653 347,,100 - 250,$10 - 50M,Building Materials
parkerco.com.au,6574724,Parker & Co,,,,,Australia,+61 8 9226 4297,,0 - 25,$1 - 10M,Retail
partyzone.com.au,12014252,PartyZone,,Fremantle,Western Australia,6959,Australia,+61 8 9339 1852,,100 - 250,$10 - 50M,Wholesale
paulcarroll.com.au,1370115,Paul Carroll & Son Shoes,,,WA,,Australia,+61 8 9221 8111,,0 - 25,$1 - 10M,Retail
pearsonfoods.com.au,16777215,Fearson Foods ltd,5/30 Robertson Dr,Mornington,VIC,3941,Australia,+61 419 319 588,,25 - 100,$1 - 10M,Food Production
peopleinnovations.com.au,12004115,People Innovations Pty Ltd,Level 10 50 Market Street,Melbourne,VIC,3000,Australia,+61 3 9028 5627,,100 - 250,$10 - 50M,Human Resources
performis.com.au,11067968,Performis,"Suite 602, 2 Burbank Place",Baulkham Hills,NSW,2154,Australia,+61 2 9894 9322,otto@performis.com.au,100 - 250,$10 - 50M,Education Management
perfumeconnection.com.au,2818462,The Perfume Connection,159-175 Church Street,Parramatta,New South Wales,2150,Australia,+61 2 9635 3999,,100 - 250,$1 - 10M,Retail
perfumery.com.au,811948,Perfumery,PO Box 286 Newport Beach,Sydney,NSW,2101,Australia,+61 2 9997 2134,joy@perfumery.com.au,25 - 100,$1 - 10M,Cosmetics
perisale.com.au,7388436,Perisale Australia,Unit 12/ 71-83 Asquith St Silverwater,Sydney,NSW,2128,Australia,+61 2 9748 8899,,25 - 100,$1 - 10M,Public Safety
permathene.com.au,2959449,Permathene Pty Ltd,"Unit8, 20 Ricketty St",Mascot,NSW,2020,Australia,+61 2 8338 8879,,25 - 100,$1 - 10M,Environmental Services
perthpetroleum.com.au,4530760,Perth Petroleum Services.,,,,,Australia,+61 8 9258 5877,,25 - 100,$10 - 50M,Mining & Metals
perthrc.com.au,2373243,Perth R/C Models,198 Stirling Street,Perth,Western Australia,6000,Australia,+61 8 9328 8986,,100 - 250,$10 - 50M,Wholesale
pertrain.com.au,6763525,Pertrain Pty Limited,8 Ure Crt,Buderim,Qld,4556,Australia,+61 409 490 054,Glen.coventon@pertrain.com.au,25 - 100,$1 - 10M,Professional Training & Coaching
peterkin.com.au,730655,Peterkin - Premium Paper Merchant,12A Harold Street,Dianella,Western Australia,6059,Australia,+61 8 9271 9255,,25 - 100,$1 - 10M,Paper & Forest Products
pfwa.com.au,16777215,Plastic Fabricators (WA) Pty,,,WA,,Australia,+61 8 9470 3799,,100 - 250,$10 - 50M,Wholesale
pica.org.au,6985802,Perth Institute Of Contemporary Arts (PICA),,,,,Australia,+61 8 9227 6144,,0 - 25,$1 - 10M,Retail
plasticsurgeon.net.au,11319626,Vie Institute,"Third Floor Esplanade & Second"" Cnr Esplanade & Second Avenue""",Maroochydore,Queensland,4558,Australia,+61 1800 080 001,,25 - 100,$1 - 10M,"Health, Wellness and Fitness"
pneumaticsolutions.com.au,5716569,PneuMACtic Solutions WA,"Unit 1, 166 Beatty Road",Brisbane,QLD,4108,Australia,+61 8 9361 5677,piyush@pneumaticsolutions.com.au,100 - 250,$10 - 50M,Wholesale
polymerinnovations.com.au,4292260,Polymer Innovations,2/129 Maison Dieu Road,Singleton,NSW,2330,Australia,+61 2 6571 5177,,25 - 100,$1 - 10M,Environmental Services
pooltime.com.au,13392583,Pooltime,,,WA,,Australia,+61 8 9459 7611,,100 - 250,$10 - 50M,Wholesale
powerliving.com.au,16777215,Power Living Australia Pty Ltd,"Level 1, 15 Sydney Road Manly",Sydney,NSW,2095,Australia,+61 2 9977 5001,,100 - 250,$10 - 50M,"Health, Wellness and Fitness"
ppc.com.au,3327192,PPC - Card Printers Australia,"Unit 4, 106 Fison Ave",Eagle Farm,Qld,4009,Australia,+61 1300 651 277,,25 - 100,$1 - 10M,Business Supplies and Equipment
precisioncomputers.com.au,1636063,Precision Computers,"Unit 4, 20 Fortune Street Geebung",Brisbane,Queensland,4034,Australia,+61 1300 728 664,,25 - 100,$1 - 10M,Information Technology and Services
printedtshirtsaustralia.com.au,16777215,Printed Tshirts Australia,"Level 3, IBM Tower, 60 City Road",Melbourne,,3006,Australia,+61 1300 760 887,johnptaus@yahoo.com,25 - 100,$1 - 10M,Apparel & Fashion
prism-solutions.com.au,11009699,Prism Solutions,,,,,Australia,+61 3 9596 8633,info@prism-solutions.com.au,25 - 100,$1 - 10M,Information Technology and Services
pryme.net.au,14816845,Pryme Innovating Wellness,"38 Limestone Street, Darra",Brisbane,QLD,4053,Australia,+61 7 3374 4544,,25 - 100,$1 - 10M,"Health, Wellness and Fitness"
pushys.com.au,49490,Pushys Online,PO Box 396,Salisbury,Queensland,4107,Australia,+61 1300 739 896,,25 - 100,$1 - 10M,Sports
pyrosales.com.au,2304401,Pyrosales,4 Wordie Place,Padstow,New South Wales,2211,Australia,+61 2 9790 1988,kristy.gilberd@pyrosales.com.au,25 - 100,$1 - 10M,Industrial Automation
qldalliance.org.au,7058232,The Queensland Alliance,"1/78 Logan Road, Woolloongabba",Brisbane,QLD,4001,Australia,+61 7 3252 9411,,25 - 100,$1 - 10M,Mental Health Care
quantumpartners.net.au,13975881,Quantum Partners Accountants & Business Advisers,"Suite 1, Level 1, 97 Grafton Street",Bondi,NSW,2022,Australia,+61 2 8373 4000,,25 - 100,$1 - 10M,Accounting
quicktoner.com.au,3229580,Quick Toner,Suite 6 / 342 Camden Valley Way,Narellan,NSW,2567,Australia,+61 2 4648 7600,,25 - 100,$1 - 10M,Business Supplies and Equipment
rainfilltanks.com.au,16177336,Rainfill Tanks,,,WA,,Australia,+61 8 9371 1266,,25 - 100,$1 - 10M,Transportation/Trucking/Railroad
rcs.net.au,6740913,RCS Telecommunications,11 Transport Avenue,Paget,Queensland,4740,Australia,+61 1800 005 464,,100 - 250,$10 - 50M,Telecommunications
redgatewines.com.au,16777215,Redgate Wines,,,WA,,Australia,+61 8 9757 6488,,25 - 100,$10 - 50M,Mining & Metals
regaliacraft.com.au,16777215,Regalia Craft Pty Ltd,,,,,Australia,+61 8 9328 4194,,25 - 100,$1 - 10M,Textiles
reidcycles.com.au,281663,Reid Cycles,55 Walsh Street,West Melbourne,VIC,3003,Australia,+61 3 9314 9091,,100 - 250,$10 - 50M,Consumer Goods
rejectshop.com.au,218712,The Reject Shop,245 Racecourse Road,Kensington,Victoria,3031,Australia,+61 3 9371 5530,,100 - 250,$10 - 50M,Retail
remastone.com.au,6163244,Remastone,13 COCOS DRIVE,Bibra Lake,Western Australia,6163,Australia,+61 8 9494 2007,,100 - 250,$10 - 50M,Construction
revivedayspa.com.au,7527691,Revive Day Spa,,,,,Australia,+61 8 9201 0971,,25 - 100,$1 - 10M,"Leisure, Travel & Tourism"
riderschoice.com.au,8531127,Riders Choice Cycles,,,,,Australia,+61 8 9228 4969,,0 - 25,$1 - 10M,Retail
rimtec.com.au,16777215,Rimtec Pty Ltd,,,WA,,Australia,+61 8 9478 1333,,100 - 250,$10 - 50M,Wholesale
robina.com.au,8838609,CBDRobina,"The Rocket, Robina Town Centre Drive",Gold Coast,QLD,4226,Australia,+61 1800 762 462,,25 - 100,$1 - 10M,Real Estate
robinsongroup.com.au,3357636,Robinson Group,,,WA,,Australia,+61 8 9249 7055,,25 - 100,$1 - 10M,
ry.com.au,287229,Ry.com.au,9/5-7 Tallebudgera Creek Road,Burleigh Heads,QLD,4220,Australia,+61 7 5630 1201,james@ry.com.au,25 - 100,$1 - 10M,"Health, Wellness and Fitness"
rynat.com.au,6261759,Rynat Industries,20 Murray Road South,Welshpool,WA,6106,Australia,+61 8 6254 6888,,25 - 100,$1 - 10M,Building Materials
safeguardbrokers.com.au,16777215,Safeguard Insurance Brokers Pty Ltd,285 Anzac Highway,Plympton,SA,5038,Australia,+61 8 8371 0566,,25 - 100,$1 - 10M,Insurance
sailcorp.com.au,6329131,SailCorp Yacht Charters,King George Street,McMahons Point,New South Wales,2060,Australia,+61 2 9955 2537,,25 - 100,$1 - 10M,Sports
salessign.com.au,16777215,Salessign,,,,,Australia,+61 2 9748 2828,info@salessign.com.au,100 - 250,$10 - 50M,Business Supplies and Equipment
salmark.com.au,16777215,Salmark Promotions,63 Belmont Avenue,Belmont,Western Australia,6104,Australia,+61 1300 088 188,,25 - 100,$1 - 10M,Marketing and Advertising
sasgar.com.au,8070814,Sasgar Fire and Rescue,137 Rainbow Street,Sandgate,QLD,4017,Australia,+61 7 3869 7000,support@bettacomputers.com.au,25 - 100,$1 - 10M,Automotive
sassyboutique.com.au,2108137,Sassy Boutique,588 Sydney Road,Brunswick,Victoria,3056,Australia,+61 3 9387 9983,,0 - 25,$1 - 10M,Retail
scbe.com.au,13752674,Sydney Clutch and Brake Exchange,,,,,Australia,+61 2 9663 4239,info@scbe.com.au,25 - 100,$1 - 10M,
sclaa.com.au,2430902,Supply Chain & Logistics Association of Australia,"Suite 154, 236 Hyperdome",Loganholme,QLD,4129,Australia,+61 1300 364 160,,100 - 250,$10 - 50M,Logistics and Supply Chain
scottysthemovers.com.au,7331461,"Scotty's-The Movers!""",17 Goodman Place,Murarrie,QLD,4172,Australia,+61 1300 669 409,,25 - 100,$1 - 10M,Transportation/Trucking/Railroad
seatbeltsolutions.com.au,8427340,Seatbelt Solutions,,,,,Australia,+61 8 9258 3666,,25 - 100,$1 - 10M,Textiles
securitycapital.com.au,16777215,SecurityCapitalCorporation,8 Kings Park Road,West Perth,Western Australia,6005,Australia,+61 8 9488 5000,,0 - 25,$1 - 10M,Financial Services
segafredo.com.au,1616158,Segafredo Zanetti Australia,"Unit 8-9, 4 Huntley Street",Alexandria,NSW,2015,Australia,+61 1300 660 976,,100 - 250,$10 - 50M,Consumer Goods
sensible.com.au,4601896,Sensible Business Solutions,"Suite 509, 4 Columbia Way",Baulkham Hills,NSW,2154,Australia,+61 2 8850 5766,domains@sensible.com.au,25 - 100,$1 - 10M,Information Technology and Services
settlersridge.com.au,16777215,Settlers Ridge Organic Wines,,,WA,,Australia,+61 8 9755 5883,,25 - 100,$10 - 50M,Mining & Metals
sheffieldwire.com.au,16777215,Sheffield Wire Products,,,,,Australia,+61 8 9351 8778,,0 - 25,$10 - 50M,Wholesale
shevron.com.au,6520157,Shevron Auto Accessories,,,,,Australia,+61 8 9451 4155,,25 - 100,$1 - 10M,Machinery
shop.magstore.com.au,16777215,Express Media Group,"2 Stanley St, Silverwater",Sydney,NSW,2128,Australia,+61 1800 801 647,,100 - 250,$10 - 50M,Publishing
sideways.com.au,5793588,Sideways Surf,2/13-21 Greenway Drive,Tweed Heads South,NSW,2486,Australia,+61 7 5524 9889,,100 - 250,$10 - 50M,Retail
silkwoodwines.com.au,11389452,Silkwood Wines,,,,,Australia,+61 438 926 064,,25 - 100,$10 - 50M,Mining & Metals
simplyhifi.com.au,7103643,Simply Hi-Fi,,,,,Australia,+61 8 9388 2709,,0 - 25,$1 - 10M,Retail
sinkwarehouse.com.au,1019896,The Sink Warehouse,,,,,Australia,+61 8 9244 4486,,100 - 250,$10 - 50M,Construction
sjmediagroup.com.au,9501007,S&J Media Group,"Level 7, 492 St Kilda Road,",Melbourne,VIC,3004,Australia,+61 3 9867 1022,,25 - 100,$1 - 10M,Marketing and Advertising
skill360.com.au,4146253,Skill360 Australia,1 Wilkinson Street,Manunda,Queensland,4870,Australia,+61 1300 933 358,,100 - 250,$10 - 50M,Professional Training & Coaching
sleeprite.com.au,16777215,Sleeprite Furniture,,,,,Australia,+61 8 9249 2558,,0 - 25,$1 - 10M,Retail
smales.com.au,5895066,Smales,227 Hannan Street,Kalgoorlie,Western Australia,6430,Australia,+61 8 9021 2321,,0 - 25,$1 - 10M,Luxury Goods & Jewelry
smallbusiness.wa.gov.au,194908,Small Business Development Corporation,"Level 2, Gordon Stephenson House 140 William Street",Perth,WA,6000,Australia,+61 8 9220 0210,,100 - 250,$10 - 50M,Information Services
songroom.org.au,6923816,The Song Room,"1 St Heliers Street, Abbotsford Convent",Melbourne,VIC,3067,Australia,+61 3 9495 6422,,25 - 100,$1 - 10M,Education Management
sonyalighting.com.au,8289747,Sonya Lighting Pty. Ltd.,,,WA,,Australia,+61 8 9344 8000,,0 - 25,$1 - 10M,Retail
sopyc.com.au,1738385,South Of Perth Yacht Club (Inc),,,,,Australia,+61 8 9364 5844,,25 - 100,$1 - 10M,"Leisure, Travel & Tourism"
sossurf.com.au,12041601,S.O.S. Surf Company,,,,,Australia,+61 8 9430 7050,,0 - 25,$1 - 10M,Retail
soundcentre.com.au,3632882,Sound Centre Music Gallery,,,,,Australia,+61 8 9316 1855,,25 - 100,$1 - 10M,Music
soundcorp.com.au,2031129,Soundcorp,570 City Road,South Melbourne,Victoria,3205,Australia,+61 3 9694 2665,MLASA@SOUNDCORP.COM.AU,25 - 100,$1 - 10M,Music
southwestpets.com.au,11508820,South West Pets,,,,,Australia,+61 8 9721 6217,,0 - 25,$1 - 10M,Retail
spacepac.com.au,3644638,Spacepac Industries Pty Ltd,39 ellen St,wollongong,NSW,2500,Australia,+61 1300 763 444,,25 - 100,$1 - 10M,Mechanical or Industrial Engineering
spearwoodflorist.com.au,6326042,Spearwood Florist,,,,,Australia,+61 8 9418 3532,,0 - 25,$1 - 10M,Retail
spectrumsportswear.com.au,16777215,Spectrum Sportswear,,,,,Australia,+61 8 9240 4224,,25 - 100,$1 - 10M,Textiles
sportskickstart.com.au,11598071,Sports Kickstart,Sydney wide,,,,Australia,+61 2 9802 0909,,25 - 100,$1 - 10M,Sports
spoton.com.au,5154350,Spot-on Laser and Tool Company,10 Dowsett Street,South Geelong,Victoria,3221,Australia,+61 1300 658 338,,25 - 100,$1 - 10M,Wholesale
spwgroup.com.au,15877908,Western Welding Services,,,,,Australia,+61 8 9418 4511,,100 - 250,$10 - 50M,Wholesale
sqidpayments.com.au,6487434,SQID Payment Technologies,Unit 3 / 40 Proprietary Street,Tingalpa,QLD,4173,Australia,+61 7 3245 4066,michael.huynh@qpay.com.au,0 - 25,$1 - 10M,Computer & Network Security
ssbb102.australiancomputertraders.com.au,16777215,ACT Education Pty Ltd,911 Stanley St,East Brisbane,QLD,4169,Australia,+61 7 3391 0000,,25 - 100,$1 - 10M,Computer Hardware
starfishlane.com.au,3822547,Starfish Lane Pty Ltd,,,WA,,Australia,+61 8 9228 3011,,25 - 100,$1 - 10M,Paper & Forest Products
stmbags.com.au,2568994,STM (Standard Technical Merchandise),34-36 Ralph Street,Alexandria,New South Wales,2015,Australia,+61 2 8338 0222,,0 - 25,$1 - 10M,Manufacturing
store.ljharper.com.au,16777215,LJ Harper & Company Pty Ltd,121 Bath Rd,Kirrawee,NSW,2232,Australia,+61 2 9521 8266,,25 - 100,$1 - 10M,Business Supplies and Equipment
studioeurope.com.au,1488542,Studio Europe,15 First Avenue,Toongabbie,NSW,2146,Australia,+61 2 9825 8755,vivek@studioeurope.com.au,0 - 25,$1 - 10M,Retail
studioreddust.com.au,16777215,Studio Red Dust,,,,,Australia,+61 8 9201 2266,,0 - 25,$1 - 10M,Retail
summerfoundation.org.au,11943511,Summer Foundation Ltd,PO Box 208,BLACKBURN,VIC,3130,Australia,+61 1300 626 560,,25 - 100,$1 - 10M,Nonprofit Organization Management
sunshinecoastskydivers.com.au,8738866,Sunshine Coast Skydivers (Caloundra),"1 Pathfinder Drive, Caloundra Airport (Sunshine Coast)",Caloundra,QLD,4551,Australia,+61 7 5437 0211,,25 - 100,$1 - 10M,Recreational Facilities and Services
superiorengineering.com.au,700134,Superior Engineering,499 Uhlmann Road,Burpengary,Queensland,4505,Australia,+61 7 5433 1411,,25 - 100,$1 - 10M,Automotive
supre.com.au,165066,Supre Holdings Pty. Ltd.,1A Sydney Steel Road,Marrickville,New South Wales,2204,Australia,+61 2 9550 4200,,0 - 25,$10 - 50M,Restaurants
supremecoffeemachines.com.au,1645672,Supreme Coffee Machines,45 Great Eastern Highway,Rivervale,,6103,Australia,+61 8 9472 7779,,100 - 250,$10 - 50M,Consumer Goods
sweetfloral.com.au,9093701,Sweet Floral,,,,,Australia,+61 8 9385 6888,,0 - 25,$1 - 10M,Retail
sydneyolympicfc.com.au,5370667,Sydney Olympic Football Club Ltd,3 Edison Lane Belmore,Sydney,NSW,2192,Australia,+61 2 9787 7890,peter@zoom.com.au,25 - 100,$1 - 10M,Sports
sydneytools.com.au,168026,Sydney Tools,429 New Canterbury Road,Dulwich Hill,NSW,2203,Australia,+61 2 8199 1199,,100 - 250,$10 - 50M,Retail
tatescoating.com.au,8167633,Tate's Coating Services,,,WA,,Australia,+61 8 9291 4113,,25 - 100,$1 - 10M,Manufacturing
thebathroomoutlet.com.au,2961260,The Bathroom Outlet,,,,,Australia,+61 8 9204 3075,,25 - 100,$1 - 10M,Construction
thebeachouse.com.au,3895068,The Beachouse,Colley Terrace,Glenelg,SA,5045,Australia,+61 8 8295 1511,,25 - 100,$1 - 10M,Recreational Facilities and Services
thediamondclub.com.au,13330556,The Diamond Club,,,,,Australia,+61 8 9301 5880,,100 - 250,$10 - 50M,Wholesale
theeventscentre.com.au,2292224,"The Events Centre, Sunshine Coast, Caloundra",20 Minchinton St,Caloundra,Qld,4551,Australia,+61 7 5491 4240,,25 - 100,$1 - 10M,Performing Arts
theherald.com.au,78017,The Newcastle Herald,28-30 Bolton Street,Newcastle,New South Wales,2300,Australia,+61 2 4979 5901,,25 - 100,$1 - 10M,Publishing
thelabelfactory.com.au,7189019,The Label Factory Pty Ltd,,,,,Australia,+61 8 9455 6180,,25 - 100,$1 - 10M,
theluggageprofessionals.com.au,459941,The Luggage Professionals,Shop 6/136 Willoughby rd Crows Nest,Sydney,NSW,2065,Australia,+61 2 9699 9747,,25 - 100,$1 - 10M,Retail
themaze.com.au,4180356,The Maze,,,WA,,Australia,+61 8 9571 1375,,25 - 100,$1 - 10M,"Leisure, Travel & Tourism"
thermalelectric.com.au,4555442,Thermal Electric Elements Pty Ltd,7 Buckman Close,Toormina,NSW,2452,Australia,+61 1800 025 287,,25 - 100,$1 - 10M,Mechanical or Industrial Engineering
thesilkroad.com.au,16777215,The Silk Road Restaurant,,,,,Australia,+61 8 9315 5298,,0 - 25,$1 - 10M,Restaurants
thesimulusgroup.com.au,14873602,Simulus Engineers,Level 1,Perth,XX,6000,Australia,+61 8 6311 4700,brett.muller@simulus.com.au,25 - 100,$1 - 10M,Mining & Metals
tindosolar.com.au,1485873,Tindo Solar,"6 Second Avenue , Mawson Lakes",Adelaide,SA,5095,Australia,+61 8 7200 1460,,25 - 100,$1 - 10M,Renewables & Environment
torstar.com.au,13958831,Torstar,"Suite B3, Level 1 85 Dunning Avenue",Rosebery,NSW,2018,Australia,+61 2 9222 9484,,25 - 100,$1 - 10M,Public Relations and Communications
truckerstoystore.com.au,3276500,Truckers Toy Store Pty Ltd,630 Somerville Road,Sunshine West,Victoria,3020,Australia,+61 1300 165 244,,25 - 100,$1 - 10M,Retail
truebluechemicals.com.au,6385986,True Blue Chemicals,Unit 2 1-3 Endeavour Road,Caringbah,NSW,2229,Australia,+61 1800 635 746,,100 - 250,$10 - 50M,Chemicals
tuscanybridal.com.au,5023223,Tuscany Bridal,,,,,Australia,+61 8 9242 3393,,0 - 25,$1 - 10M,Retail
tyretraders.com.au,4853104,Australian Tyre Traders,23 Sunshine Road West Footscray,Melbourne,Victoria,3012,Australia,6161369874442,leigh@tyretraders.com.au,25 - 100,$1 - 10M,Wholesale
uniquemobiles.com.au,16777215,Unique Mobiles Pty Ltd,Unit 5/56 Eagleview Place,Eagle Farm,QLD,4009,Australia,+61 7 3188 7580,webmaster@uniquemobiles.com.au,25 - 100,$10 - 50M,Telecommunications
unitedtools.com.au,801598,United Tools Pty Ltd,,,,,Australia,+61 8 9443 2366,,100 - 250,$10 - 50M,Wholesale
urban-group.com.au,8843406,Urban Office Fitout + Furniture,36 Murray Street,Brisbane,QLD,4006,Australia,+61 7 3620 8500,,25 - 100,$1 - 10M,Construction
valleychamber.com.au,5222714,Valley Chamber of Commerce,"Level 3, 130 Commercial Road, Teneriffe",Brisbane,QLD,4005,Australia,+61 7 3854 0860,,25 - 100,$1 - 10M,Nonprofit Organization Management
veranda.com.au,7778282,Veranda Home & Garden,,,,,Australia,+61 8 9385 6533,,0 - 25,$1 - 10M,Retail
versboutique.com.au,12762109,Vers Boutique,,,,,Australia,+61 8 6380 1333,,0 - 25,$1 - 10M,Retail
vetafarm.com.au,2296622,Vetafarm,3 Bye Street,Wagga Wagga,NSW,2650,Australia,+61 2 6933 0400,,25 - 100,$1 - 10M,Pharmaceuticals
vibelighting.com.au,2056545,Vibe Lighting,,,,,Australia,+61 1300 300 301,,100 - 250,$10 - 50M,Electrical/Electronic Manufacturing
victoriapark.com.au,1862643,Victoria Park Golf Complex,"223 Herston Road, Herston",Brisbane,QLD,4006,Australia,+61 7 3252 9891,,100 - 250,$10 - 50M,"Leisure, Travel & Tourism"
virtuallyyours.com.au,2264558,Virtually Yours,,,,,Australia,+61 2 8005 7625,,100 - 250,$10 - 50M,Executive Office
visualinspirations.com.au,7327271,Visual Inspirations Australia Pty Ltd,,,,,Australia,+61 8 9371 8618,,100 - 250,$10 - 50M,Wholesale
wallcann.com.au,1786869,WallCann Pty Ltd.,147 - 149 Holbrooks Road,Underdale,South Australia,5032,Australia,+61 8 8352 1006,drew@wallcann.com,25 - 100,$1 - 10M,Information Technology and Services
wamachinerybrokers.com.au,7317337,WA Machinery Brokers,,,,,Australia,+61 417 939 894,,100 - 250,$10 - 50M,Wholesale
waopera.asn.au,3581071,West Australian Opera,"Level 3, His Majesty's Theatre 825 Hay Street",Perth,WA,6000,Australia,+61 8 9278 8999,,25 - 100,$1 - 10M,Performing Arts
waspa.com.au,6778850,West Australian Solid Plastering Association,,,,,Australia,+61 8 9349 2129,,100 - 250,$10 - 50M,
water2water.com.au,5210731,water2water,,,,,Australia,+61 8 9388 1629,,100 - 250,$10 - 50M,Wholesale
westcoasthifi.com.au,1203262,West Coast Hi-Fi,,,,,Australia,+61 8 9443 5553,,0 - 25,$1 - 10M,Retail
westcoastuniforms.com.au,11441794,West Coast Uniforms,,,,,Australia,+61 8 9240 6223,,0 - 25,$1 - 10M,Retail
westlock.com.au,16777215,Westlock Security,,,WA,,Australia,+61 8 9353 2889,,100 - 250,$10 - 50M,Construction
westwear.com.au,6487738,Westwear,,,,,Australia,+61 8 9249 7641,,25 - 100,$1 - 10M,Textiles
whiteivy.com.au,12036022,White Ivy,"shop2,365 New South Head Rd, Double Bay",Sydney,NSW,2028,Australia,+61 2 9326 1830,,25 - 100,$1 - 10M,Retail
whiteslaw.com.au,4457922,Whites Law Bindery,802-804 Glenhuntly Rd,South Caulfield,Victoria,3162,Australia,+61 3 9523 6026,,25 - 100,$1 - 10M,Printing
windsurfingperth.com.au,15996755,Windsurfing Perth,,,,,Australia,+61 8 9329 9333,,25 - 100,$1 - 10M,"Leisure, Travel & Tourism"
wineonline.com.au,3493190,Wine Online Australia,31 Albert Street,Preston,,3072,Australia,+61 1300 946 366,wineonlineau@gmail.com,0 - 25,$1 - 10M,Retail
witchesfalls.com.au,15372806,Witches Falls Winery,79 Main Western Rd,North Tamborine,Queensland,4272,Australia,+61 7 5545 2609,,25 - 100,$1 - 10M,Wine and Spirits
wom.com.au,4153535,Word of Mouth Technology,6 Sturt St S,Croydon,VIC,3136,Australia,+61 3 9723 0660,,25 - 100,$1 - 10M,Pharmaceuticals
woodfiredovens.com.au,7187618,Mediterranean Woodfired Ovens,,,,,Australia,+61 8 9335 2525,,0 - 25,$1 - 10M,Retail
woolshop.com.au,13492284,Crossways Wool & Fabrics,,,,,Australia,+61 8 9381 4286,,25 - 100,$1 - 10M,Textiles
workforce.org.au,2376639,Health and Community Services Workforce Council,Ground Floor 303 Adelaide Street,Brisbane,Queensland,4000,Australia,+61 7 3234 0190,,25 - 100,$1 - 10M,Professional Training & Coaching
workoutworld.com.au,743074,Workout World Port Macquarie,309-311 Pascoe Vale Road #299,Essendon,Victoria,3040,Australia,+61 3 9379 5600,,0 - 25,$10 - 50M,"Health, Wellness and Fitness"
youthopportunities.com.au,16777215,Youth Opportunities Association (SA) Inc,35A Oaklands Road,Somerton Park,South Australia,5032,Australia,+61 8 8240 3133,,25 - 100,$1 - 10M,Nonprofit Organization Management
zodee.com.au,443346,Zodee.com.au,3/20 Narabang Way,Belrose,NSW,2085,Australia,1300 855 999 (+612 9986 3188),,25 - 100,$1 - 10M,Retail
zoossa.com.au,1656411,Zoos South Australia (Royal Zoological Society of South Australia),Frome Road,Adelaide,SA,5000,Australia,+61 8 8267 3255,,100 - 250,$10 - 50M,"Leisure, Travel & Tourism"
zubiasthreading.com.au,6840755,Zubias Threading,Various locations across Western Australia - see our website to find your nearest salon,Perth,WA,6000,Australia,+61 1300 814 041,,100 - 250,$10 - 50M,Cosmetics